stt,kanji,hanviet,on_reading,kun_reading,stroke_count,radicals,core_meaning,story_image,logic_development,memory_tip,adjectives,vocabulary
1,日,NHẬT,ニチ|ジツ,ひ|び,4,日-nhat,Ngày|mặt trời,Hình dạng mặt trời tròn có dấu chấm ở giữa sau thành hình vuông.,日-nhat -> (日) mặt trời tỏa sáng,Mặt trời hình vuông có gạch ngang ở giữa.,なし:không có,日本(にほん):nhật bản|日曜日(にちようび):chủ nhật|毎日(まいにち):mỗi ngày|休日(きゅうじつ):ngày nghỉ|誕生日(たんじょうび):sinh nhật
2,月,NGUYỆT,ゲツ|ガツ,つき,4,月-nguyet,Tháng|mặt trăng,Hình dáng mặt trăng khuyết.,月-nguyet -> (月) mặt trăng trên cao,Mặt trăng khuyết có hai gạch ngang.,なし:không có,月曜日(げつようび):thứ hai|今月(こんげつ):tháng này|来月(らいげつ):tháng sau|正月(しょうがつ):tết|一月(いちがつ):tháng một
3,木,MỘC,モク|ボク,き,4,木-moc,Cây,Hình dáng cái cây có cành và rễ.,木-moc -> (木) cây xanh,Cái cây có tán lá và rễ cắm xuống đất.,なし:không có,木曜日(もくようび):thứ năm|大木(たいぼく):cây lớn|木刀(ぼくとう):kiếm gỗ|木の実(きのみ):quả cây|土木(どぼく):công trình công cộng
4,山,SƠN,サン,やま,3,山-son,Núi,Hình ba ngọn núi đứng cạnh nhau.,山-son -> (山) ngọn núi cao,Ba nét đứng tượng trưng cho ba đỉnh núi.,なし:không có,富士山(ふじさん):núi phú sĩ|山道(やまみち):đường núi|火山(かざん):núi lửa|登山(とざん):leo núi|山林(さんりん):sơn lâm
5,川,XUYÊN,セン,かわ,3,川-xuyen,Sông,Dòng nước chảy từ trên xuống.,川-xuyen -> (川) dòng sông chảy,Ba nét vẽ như dòng nước đang chảy.,なし:không có,小川(おがわ):suối nhỏ|川岸(かわぎし):bờ sông|川遊び(かわあそび):chơi ở sông|ナイル川(ないるがわ):sông nile|四川(しせん):tứ xuyên
6,田,ĐIỀN,デン,た,5,田-dien,Ruộng,Hình thửa ruộng được chia ô để canh tác.,田-dien -> (田) thửa ruộng xanh,Ô vuông có chữ thập chia làm bốn phần.,なし:không có,田中(たなか):tên người tanaka|水田(すいでん):ruộng lúa nước|田舎(いなか):quê hương|山田(やまだ):tên người yamada|田んぼ(たんぼ):thửa ruộng
7,人,NHÂN,ジン|ニン,ひと,2,人-nhan,Người,Hình người đang đứng hoặc đi.,人-nhan -> (人) con người,Hai nét gạch chéo như đôi chân đang bước đi.,なし:không có,日本人(にほんじん):người nhật|三人(さんにん):ba người|大人(おとな):người lớn|恋人(こいびと):người yêu|人口(じんこう):dân số
8,口,KHẨU,コウ|ク,くち,3,口-khau,Miệng,Hình cái miệng đang mở.,口-khau -> (口) cái miệng cười,Một ô vuông tượng trưng cho cái miệng.,なし:không có,人口(じんこう):dân số|入口(いりぐち):lối vào|出口(でぐち):lối ra|窓口(まどぐち):quầy giao dịch|口調(くちょう):giọng điệu
9,車,XA,シャ,くるま,7,車-xa,Xe,Hình chiếc xe nhìn từ trên xuống có trục và bánh.,車-xa -> (車) xe lăn bánh,Hình bánh xe và trục xe thời xưa.,なし:không có,電車(でんしゃ):tàu điện|自動車(じどうしゃ):xe ô tô|自転車(じてんしゃ):xe đạp|停車(ていしゃ):dừng xe|車庫(しゃこ):nhà để xe
10,門,MÔN,モン,かど,8,門-mon,Cổng,Hình hai cánh cổng lớn khép lại.,門-mon -> (門) cánh cổng lớn,Hai bên đối xứng như cánh cửa cổng.,なし:không có,校門(こうもん):cổng trường|専門(せんもん):chuyên môn|部門(ぶもん):bộ phận|入門(にゅうもん):nhập môn|門限(もんげん):giờ giới nghiêm
11,火,HỎA,カ,ひ,4,火-hoa,Lửa,Hình ngọn lửa đang bùng cháy.,火-hoa -> (火) ngọn lửa nóng,Hai đốm lửa và đám cháy ở giữa.,なし:không có,火曜日(かようび):thứ ba|火山(かざん):núi lửa|火事(かじ):hỏa hoạn|花火(はなび):pháo hoa|火力(かりょく):hỏa lực
12,水,THỦY,スイ,みず,4,水-thuy,Nước,Hình dòng nước chảy bắn tung tóe.,水-thuy -> (水) nước mát lạnh,Dòng chảy ở giữa và các tia nước hai bên.,なし:không có,水曜日(すいようび):thứ tư|水道(すいどう):nước máy|水泳(すいえい):bơi lội|香水(こうすい):nước hoa|海水(かいすい):nước biển
13,金,KIM,キン|コン,かね,8,金-kim,Vàng|tiền,Hình quặng vàng lấp lánh dưới mái nhà.,金-kim -> (金) vàng quý giá,Mái che bảo vệ những hạt vàng bên dưới.,なし:không có,金曜日(きんようび):thứ sáu|お金(おかね):tiền bạc|金物(かなもの):đồ kim khí|料金(りょうきん):phí dịch vụ|貯金(ちょきん):tiết kiệm tiền
14,土,THỔ,ド|ト,つち,3,土-tho,Đất,Hình mầm cây mọc lên từ mặt đất.,土-tho -> (土) đất đai,Gạch ngang dưới là đất gạch dọc là cây.,なし:không có,土曜日(どようび):thứ bảy|土地(とち):đất đai|お土産(おみやげ):quà lưu niệm|土木(どぼく):công trình|粘土(ねんど):đất sét
15,子,TỬ,シ|ス,こ,3,子-tu,Con,Hình đứa bé đang quấn tã vươn tay.,子-tu -> (子) đứa con nhỏ,Cái đầu to và hai tay giang ra.,なし:không có,子供(こども):trẻ con|様子(ようす):tình hình|電子(でんし):điện tử|双子(ふたご):anh em sinh đôi|椅子(いす):cái ghế
16,女,NỮ,ジョ,おんな,3,女-nu,Phụ nữ,Hình người phụ nữ đang ngồi khoanh tay.,女-nu -> (女) người phụ nữ,Các nét đan xen như tư thế người phụ nữ.,なし:không có,女の子(おんなのこ):bé gái|彼女(かのじょ):cô ấy|女神(めがみ):nữ thần|長女(ちょうじょ):con gái lớn|女性(じょせい):nữ giới
17,学,HỌC,ガク,まな-ぶ,8,子-tu|冖-mịch,Học,Hình đứa trẻ (子) học dưới mái nhà (冖).,冖-mich + 子-tu -> (学) học tập,Mái nhà che chở cho đứa trẻ đi học.,なし:không có,学校(がっこう):trường học|学生(がくせい):sinh viên|大学(だいがく):đại học|数学(すうがく):toán học|修学旅行(しゅうがくりょこう):du lịch học tập
18,生,SINH,セイ|ショウ,い-きる|う-まれる,5,生-sinh,Sống|sinh,Hình mầm cây mọc lên khỏi mặt đất.,生-sinh -> (生) sinh sôi,Cây cỏ đang nảy mầm sinh trưởng.,なし:không có,先生(せんせい):thầy cô|学生(がくせい):sinh viên|生活(せいかつ):sinh hoạt|一生(いっしょう):cả đời|誕生日(たんじょうび):sinh nhật
19,先,TIÊN,セン,さき,6,先-tien,Trước,Người đi (儿) phía trước.,先-tien -> (先) đi trước,Đôi chân đang bước lên phía trước.,なし:không có,先生(せんせい):thầy cô|先週(せんしゅう):tuần trước|先日(せんじつ):hôm trước|指先(ゆびさき):đầu ngón tay|お先に(おさきに):xin phép trước
20,私,TƯ,シ,わたし|わたくし,7,禾-hoa|厶-khu,Tôi|riêng tư,Cây lúa (禾) của riêng mình (厶).,禾-hoa + 厶-khu -> (私) cá nhân,Cây lúa của bản thân tôi.,なし:không có,私立大学(しりつだいがく):đại học tư lập|私生活(しせいかつ):đời tư|私用(しよう):việc riêng|私鉄(してつ):đường sắt tư nhân|私有(しゆう):sở hữu tư nhân
21,一,NHẤT,イチ|イツ,ひと,1,一-nhat,Một,Một ngạch ngang duy nhất.,一-nhat -> (一) số một,Ngón tay nằm ngang chỉ số một.,なし:không có,一つ(ひとつ):một cái|一人(ひとり):một người|一日(ついたち):mùng một|一月(いちがつ):tháng một|一番(いちばん):số một
22,二,NHỊ,ニ,ふた,2,二-nhi,Hai,Hai gạch ngang.,二-nhi -> (二) số hai,Hai ngón tay nằm ngang.,なし:không có,二つ(ふたつ):hai cái|二人(ふたり):hai người|二月(にがつ):tháng hai|二十日(はつか):ngày hai mươi|二歳(にさい):hai tuổi
23,三,TAM,サン,み,3,三-tam,Ba,Ba gạch ngang.,三-tam -> (三) số ba,Ba ngón tay nằm ngang.,なし:không có,三つ(みっつ):ba cái|三月(さんがつ):tháng ba|三日(みっか):mùng ba|三人(さんにん):ba người|三度(さんど):ba lần
24,四,TỨ,シ,よ|よん,5,囗-vi|儿-nhi,Bốn,Cánh cửa có đôi chân bên trong.,囗-vi + 儿-nhi -> (四) số bốn,Cái hộp chứa số bốn bên trong.,なし:không có,四つ(よっつ):bốn cái|四月(しがつ):tháng tư|四日(よっか):mùng bốn|四人(よにん):bốn người|四季(しき):bốn mùa
25,五,NGŨ,ゴ,いつ,4,五-ngu,Năm,Bàn tay có năm ngón.,五-ngu -> (五) số năm,Các gạch đan chéo nhau thành số năm.,なし:không có,五つ(いつつ):năm cái|五月(ごがつ):tháng năm|五日(いつか):mùng năm|五人(ごにん):năm người|五円(ごえん):năm yên
26,六,LỤC,ロク,む,4,六-luc,Sáu,Người đội mũ chỉ số sáu.,六-luc -> (六) số sáu,Hình dáng giống người đang dang chân.,なし:không có,六つ(むっつ):sáu cái|六月(ろくがつ):tháng sáu|六日(むいか):mùng sáu|六人(ろくにん):sáu người|六法(ろっぽう):lục pháp
27,七,THẤT,シチ,なな,2,七-that,Bảy,Cái muỗng lật ngược.,七-that -> (七) số bảy,Hình gạch chéo ngược với số hai.,なし:không có,七つ(ななつ):bảy cái|七月(しちがつ):tháng bảy|七日(なのか):mùng bảy|七人(しちにん):bảy người|七夕(たなばた):lễ thất tịch
28,八,BÁT,ハチ,や,2,八-bat,Tám,Hai nét mở ra hai bên.,八-bat -> (八) số tám,Hình dáng xòe rộng về phía dưới.,なし:không có,八つ(やっつ):tám cái|八月(はちがつ):tháng tám|八日(ようか):mùng tám|八人(はちにん):tám người|八百屋(やおや):cửa hàng rau
29,九,CỬU,キュウ|ク,ここの,2,九-cuu,Chín,Cánh tay gập lại chỉ số chín.,九-cuu -> (九) số chín,Nét cong móc như số chín.,なし:không có,九つ(ここのつ):chín cái|九月(くがつ):tháng chín|九日(ここのか):mùng chín|九人(きゅうにん):chín người|九州(きゅうしゅう):vùng kyushu
30,十,THẬP,ジュウ,とお,2,十-thap,Mười,Gạch ngang và dọc đan nhau.,十-thap -> (十) số mười,Hình chữ thập tượng trưng số mười.,なし:không có,十つ(とお):mười cái|十月(じゅうがつ):tháng mười|十日(とおか):mùng mười|十人(じゅうにん):mười người|十分(じゅうぶん):đầy đủ
31,百,BÁCH,ヒャク,もも,6,白-bach,Trăm,Số một (一) nằm trên chữ trắng (白).,一-nhat + 白-bach -> (百) một trăm,Thêm một gạch trên đầu chữ trắng thành trăm.,なし:không có,百円(ひゃくえん):một trăm yên|三百(さんびゃく):ba trăm|六百(ろっぴゃく):sáu trăm|八百(はっぴゃく):tám trăm|百科事典(ひゃっかじてん):từ điển bách khoa
32,千,THIÊN,セン,ち,3,千-thien,Nghìn,Số mười (十) có một gạch chéo trên đầu.,千-thien -> (千) một nghìn,Thêm nét phẩy trên chữ thập thành nghìn.,なし:không có,千円(せんえん):một nghìn yên|三千(さんぜん):ba nghìn|八千(はっせん):tám nghìn|千葉(ちば):tên tỉnh chiba|千歳(ちとせ):nghìn năm
33,万,VẠN,マン|バン,よろず,3,万-van,Vạn,Hình dáng một con số rất lớn.,万-van -> (万) mười nghìn,Một vạn là mười ngàn đơn vị.,なし:không có,一万円(いちまんえん):một vạn yên|万歳(ばんざい):vạn tuế|万人(ばんにん):mọi người|万国(ばんこく):vạn quốc|万年筆(まんねんひつ):bút máy
34,円,VIÊN,エン,まる,4,囗-vi,Tròn|yên nhật,Cái hộp vuông có hai chân bên trong.,囗-vi -> (円) hình tròn,Tượng trưng cho đồng tiền tròn.,なし:không có,百円(ひゃくえん):một trăm yên|円い(まるい):tròn|円滑(えんかつ):trôi chảy|円高(えんだか):yên lên giá|円山(まるやま):tên núi maruyama
35,年,NIÊN,ネン,とし,6,干-can,Năm,Người gánh lúa (禾) thu hoạch hàng năm.,年-nien -> (年) thời gian năm,Chu kỳ thu hoạch lúa mỗi năm.,なし:không có,今年(ことし):năm nay|来年(らいねん):năm sau|去年(きょねん):năm ngoái|半年(はんとし):nửa năm|毎年(まいねん):mỗi năm
36,上,THƯỢNG,ジョウ,うえ|あ-がる,3,一-nhat,Trên,Vật nằm trên một bề mặt.,一-nhat -> (上) phía trên,Gạch đứng nằm phía trên gạch ngang.,なし:không có,上手(じょうず):giỏi|上着(うわぎ):áo khoác|上がる(あがる):đi lên|屋上(おくじょう):sân thượng|川上(かわかみ):thượng nguồn
37,下,HẠ,カ|ゲ,した|さ-がる,3,一-nhat,Dưới,Vật nằm dưới một bề mặt.,一-nhat -> (下) phía dưới,Gạch đứng nằm phía dưới gạch ngang.,なし:không có,地下鉄(ちかてつ):tàu điện ngầm|下手(へた):dở|下がる(さがる):đi xuống|下着(したぎ):đồ lót|川下(かわしも):hạ nguồn
38,中,TRUNG,チュウ,なか,4,口-khau|丨-cổn,Trong|giữa,Một đường gạch xuyên qua giữa cái hộp (口).,口-khau + 丨-con -> (中) ở giữa,Mũi tên xuyên qua tâm bia.,なし:không có,中国(ちゅうごく):trung quốc|一日中(いちにちじゅう):suốt ngày|中心(ちゅうしん):trung tâm|中学校(ちゅうがっこう):trường cấp hai|中身(なかみ):nội dung
39,大,ĐẠI,ダイ|タイ,おお-きい,3,大-dai,Lớn,Hình người dang rộng tay chân.,大-dai -> (大) to lớn,Cố gắng dang tay để trông thật lớn.,大きい(おおきい):lớn,大学(だいがく):đại học|大人(おとな):người lớn|大会(たいかい):đại hội|大切(たいせつ):quan trọng|大使館(たいしかん):đại sứ quán
40,小,TIỂU,ショウ,ちい-さい,3,小-tieu,Nhỏ,Hình hạt cát nhỏ hoặc người khép tay.,小-tieu -> (小) nhỏ bé,Ba chấm nhỏ cạnh nhau.,小さい(ちいさい):nhỏ,小学校(しょうがっこう):trường tiểu học|小説(しょうせつ):tiểu thuyết|小屋(こや):túp lều|小包(こづつみ):bưu kiện|小銭(こぜに):tiền lẻ
41,本,BẢN,ホン,もと,5,木-moc,Sách|gốc,Cái cây (木) có gạch đánh dấu phần gốc.,木-moc -> (本) gốc rễ,Gốc rễ là nền tảng của quyển sách.,なし:không có,日本(にほん):nhật bản|本屋(ほんや):tiệm sách|一本(いっぽん):một cái|本当(ほんとう):thật sự|山本(やまもと):tên yamamoto
42,半,BÁN,ハン,なか-ば,5,十-thap,Nửa,Cái bánh (八) bị cắt làm đôi bằng dao (十).,八-bat + 十-thap -> (半) một nửa,Chia đôi một vật thành hai phần.,なし:không có,半分(はんぶん):một nửa|半日(はんにち):nửa ngày|半年(はんとし):nửa năm|半袖(はんそで):áo tay ngắn|半径(はんけい):bán kính
43,分,PHÂN,ブン|プン,わ-かる,4,八-bat|刀-đao,Phút|chia,Dùng dao (刀) chia (八) vật ra.,八-bat + 刀-đao -> (分) chia ra,Phân chia thời gian ra từng phút.,なし:không có,自分(じぶん):bản thân|五分(ごふん):năm phút|半分(はんぶん):một nửa|分かる(わかる):hiểu|分析(ぶんせき):phân tích
44,力,LỰC,リョキ|リキ,ちから,2,力-luc,Sức mạnh,Hình cánh tay đang gồng cơ bắp.,力-luc -> (力) sức lực,Cơ bắp nổi lên khi làm việc nặng.,なし:không có,体力(たいりょく):thể lực|水力(すいりょく):thủy lực|実力(じつりょく):thực lực|協力(きょうりょく):hiệp lực|努力(どりょく):nỗ lực
45,何,HÀ,カ,なに|なん,7,亻-nhân|可-khả,Cái gì,Người (亻) vác cái gì (可) trên vai.,亻-nhan + 可-kha -> (何) cái gì,Hỏi xem người đó đang mang cái gì.,なし:không có,何人(なんにん):mấy người|何時(なんじ):mấy giờ|何か(なにか):cái gì đó|何度(なんど):mấy lần|何曜日(なんようび):thứ mấy
46,明,MINH,メイ,あか-るい,8,日-nhật|月-nguyệt,Sáng,Mặt trời (日) và mặt trăng (月) cùng chiếu sáng.,日-nhat + 月-nguyet -> (明) sáng sủa,Sự kết hợp của hai nguồn sáng lớn nhất.,明るい(あかるい):sáng,明日(あした):ngày mai|説明(せつめい):giải thích|発明(はつめい):phát minh|文明(ぶんめい):văn minh|明後日(あさって):ngày kia
47,休,HƯU,キュウ,やす-む,6,亻-nhân|木-mộc,Nghỉ ngơi,Người (亻) đứng tựa vào cây (木).,亻-nhan + 木-moc -> (休) nghỉ ngơi,Lấy bóng mát của cây để thư giãn.,なし:không có,休み(やすみ):nghỉ ngơi|休日(きゅうじつ):ngày nghỉ|夏休み(なつやすみ):nghỉ hè|連休(れんきゅう):nghỉ liên tiếp|定休日(ていきゅうび):ngày nghỉ cố định
48,体,THỂ,タイ,からだ,7,亻-nhân|本-bản,Thân thể,Người (亻) và gốc rễ (本) tạo nên cơ thể.,亻-nhan + 本-ban -> (体) cơ thể,Cơ thể là gốc rễ của con người.,なし:không có,体力(たいりょく):thể lực|体育(たいいく):thể dục|全体(ぜんたい):toàn bộ|体重(たいじゅう):cân nặng|体験(たいけん):trải nghiệm
49,好,HẢO,コウ,す-き,6,女-nữ|子-tử,Thích,Người mẹ (女) yêu thương con (子).,女-nu + 子-tu -> (好) yêu thích,Tình cảm giữa mẹ và con là tuyệt nhất.,好き(すき):thích,大好き(だいすき):rất thích|好物(こうぶつ):món ăn ưa thích|お好み焼き(おこのみやき):bánh xèo nhật|良好(りょうこう):tốt đẹp|好意(こうい):thiện cảm
50,男,NAM,ダン|ナン,おとこ,7,田-điền|力-lực,Đàn ông,Người dùng sức (力) làm trên ruộng (田).,田-dien + 力-luc -> (男) đàn ông,Đàn ông là lực lượng lao động chính.,なし:không có,男の子(おとこのこ):bé trai|長男(ちょうなん):con trai cả|男性(だんせい):nam giới|男子(だんし):nam nhi|男女(だんじょ):nam nữ
51,林,LÂM,リン,はやし,8,木-mộc,Rừng thưa,Hai cái cây (木) đứng cạnh nhau.,木-moc + 木-moc -> (林) rừng thưa,Nhiều cây mọc gần nhau thành rừng.,なし:không có,山林(さんりん):sơn lâm|林道(りんどう):đường rừng|小林(こばやし):tên người kobayashi|林業(りんぎょう):lâm nghiệp|森林(しんりん):rừng rậm
52,森,SÂM,シン,もり,12,木-mộc,Rừng rậm,Ba cái cây (木) tạo thành rừng rậm.,木-moc + 木-moc + 木-moc -> (森) rừng rậm,Cây chồng lên cây thành rừng sâu.,なし:không có,森林(しんりん):rừng rậm|青森(あおもり):tên tỉnh aomori|森田(もりた):tên người morita|森の中(もりのなか):trong rừng|深林(しんりん):rừng sâu
53,間,GIAN,カン|ケン,あいだ|ま,12,門-môn|日-nhật,Khoảng trống,Ánh nắng mặt trời (日) lọt qua khe cửa (門).,門-mon + 日-nhat -> (間) ở giữa,Khoảng không gian giữa hai cánh cửa.,なし:không có,時間(じかん):thời gian|間に合う(まにあう):kịp giờ|仲間(なかま):bạn bè|間違い(まちがい):sai lầm|客間(きゃくま):phòng khách
54,畑,VƯỜN,なし,はたけ,9,火-hỏa|田-điền,Cánh đồng,Dùng lửa (火) đốt cỏ làm ruộng (田).,火-hoa + 田-dien -> (畑) vườn tược,Đốt rừng lấy đất canh tác hoa màu.,なし:không có,花畑(はなばたけ):cánh đồng hoa|田畑(たはた):ruộng vườn|畑作(はたさく):canh tác hoa màu|薬草畑(やくそうばたけ):vườn thuốc|麦畑(むぎばたけ):cánh đồng lúa mạch
55,岩,NHAM,ガン,いわ,8,山-sơn|石-thạch,Đá núi,Hòn đá (石) ở trên núi (山).,山-son + 石-thach -> (岩) tảng đá,Tảng đá lớn cứng như núi.,なし:không có,岩石(がんせき):nham thạch|岩山(いわやま):núi đá|岩波(いわなみ):tên nhà xuất bản iwanami|溶岩(ようがん):dung nham|岩場(いわば):chỗ nhiều đá
56,目,MỤC,モク,め,5,目-mục,Mắt,Hình dáng con mắt dựng đứng.,目-muc -> (目) con mắt,Con mắt có con ngươi ở giữa.,なし:không có,目上(めうえ):cấp trên|目次(もくじ):mục lục|目的地(もくてきち):đích đến|注目(ちゅうもく):chú ý|目薬(めぐすり):thuốc nhỏ mắt
57,耳,NHĨ,ジ,みみ,6,耳-nhĩ,Tai,Hình dáng cái tai người.,耳-nhi -> (耳) lỗ tai,Cái tai dùng để lắng nghe âm thanh.,なし:không có,耳鼻科(じびか):khoa tai mũi họng|耳鳴り(みみなり):ù tai|初耳(はつみみ):lần đầu nghe|耳打ち(みみうち):nói thầm vào tai|耳元(みみもと):bên tai
58,手,THỦ,シュ,て,4,手-thủ,Tay,Hình bàn tay với các ngón tay.,手-thu -> (手) bàn tay,Năm ngón tay đang xòe ra.,なし:không có,上手(じょうず):giỏi|下手(へた):dở|手紙(てがみ):lá thư|切手(きって):tem|歌手(かしゅ):ca sĩ
59,足,TÚC,ソク,あし|た-りる,7,足-túc,Chân|đủ,Hình cái chân đang đứng vững.,足-tuc -> (足) cái chân,Chân dùng để đi lại và đứng.,なし:không có,足首(あしくび):cổ chân|遠足(えんそく):dã ngoại|不足(ふそく):thiếu thốn|満足(まんぞく):hài lòng|一足(いっそく):một đôi giày
60,雨,VŨ,ウ,あめ,8,雨-vũ,Mưa,Hình những hạt mưa rơi dưới đám mây.,雨-vu -> (雨) cơn mưa,Nước rơi xuống từ bầu trời.,なし:không có,雨天(うてん):trời mưa|大雨(おおあめ):mưa lớn|雨傘(あまがさ):dù đi mưa|雨どい(あまどい):máng xối|梅雨(つゆ):mùa mưa
61,竹,TRÚC,チク,たけ,6,竹-trúc,Tre,Hình lá tre rủ xuống.,竹-truc -> (竹) cây tre,Loài cây có đốt và lá nhọn.,なし:không có,竹林(ちくりん):rừng tre|竹の子(たけのこ):măng|竹馬(たけうま):cà kheo|竹細工(たけざいく):đồ nan tre|竹垣(たけがき):hàng rào tre
62,米,MỄ,ベイ|マイ,こめ,6,米-mễ,Gạo,Hình hạt gạo tỏa ra các hướng.,米-me -> (米) hạt gạo,Lương thực chính của người á đông.,なし:không có,米国(べいこく):nước mỹ|新米(しんまい):gạo mới|玄米(げんまい):gạo lứt|欧米(おうべい):âu mỹ|白米(はくまい):gạo trắng
63,貝,BỐI,なし,かい,7,貝-bối,Vỏ sò,Hình dáng vỏ sò thời cổ.,貝-boi -> (貝) con sò,Vỏ sò ngày xưa dùng làm tiền.,なし:không có,貝殻(かいがら):vỏ sò|ホタテ貝(ほたてがい):sò điệp|貝類(かいるい):loài sò|ムール貝(むーるがい):vẹm|赤貝(あかがい):sò huyết
64,石,THẠCH,セキ,いし,5,石-thạch,Đá,Hình tảng đá dưới vách núi.,石-thach -> (石) hòn đá,Tảng đá nằm bên dưới sườn núi.,なし:không có,石けん(せっけん):xà phòng|石油(せきゆ):dầu mỏ|宝石(ほうせき):đá quý|磁石(じしゃく):nam châm|化石(かせき):hóa thạch
65,糸,MỊCH,シ,いと,6,糸-mịch,Sợi chỉ,Hình cuộn chỉ có sợi rủ xuống.,糸-mich -> (糸) sợi chỉ,Những sợi tơ được se lại.,なし:không có,糸くず(いとくず):xơ chỉ|毛糸(けいと):len|絹糸(けんいと):chỉ tơ tằm|釣り糸(つりいと):dây câu|抜糸(ばっし):cắt chỉ
66,花,HOA,カ,はな,7,艹-thảo|化-hóa,Hoa,Cỏ (艹) biến hóa (化) thành hoa.,艹-thao + 化-hoa -> (花) bông hoa,Vẻ đẹp rực rỡ từ cây cỏ.,なし:không có,花瓶(かびん):bình hoa|花火(はなび):pháo hoa|生け花(いけばな):cắm hoa|花屋(はなや):tiệm hoa|桜花(おうか):hoa anh đào
67,茶,TRÀ,チャ|サ,なし,9,艹-thảo,Trà,Cây cỏ (艹) hái trên núi dùng pha nước.,艹-thao -> (茶) lá trà,Thức uống từ lá cây khô.,なし:không có,茶色(ちゃいろ):màu nâu|紅茶(こうちゃ):trà đen|日本茶(にほんちゃ):trà nhật|茶道(さどう):trà đạo|喫茶店(きっさてん):quán giải khát
68,肉,NHỤC,ニク,なし,6,肉-nhục,Thịt,Hình miếng thịt có gân.,肉-nhuc -> (肉) miếng thịt,Thức ăn từ động vật.,なし:không có,牛肉(ぎゅうにく):thịt bò|豚肉(ぶたにく):thịt heo|鶏肉(とりにく):thịt gà|筋肉(きんにく):cơ bắp|肉屋(にくや):tiệm thịt
69,文,VĂN,ブン|モン,ふみ,4,文-văn,Văn chương,Hình vết xăm trên ngực người.,文-van -> (文) chữ viết,Ngôn ngữ được ghi chép lại.,なし:không có,文学(ぶんがく):văn học|文章(ぶんしょう):văn bản|文化(ぶんか):văn hóa|文法(ぶんぽう):ngữ pháp|注文(ちゅうもん):đặt hàng
70,字,TỰ,ジ,あざ,6,宀-miên|子-tử,Chữ,Đứa trẻ (子) học chữ dưới mái nhà (宀).,宀-mien + 子-tu -> (字) mặt chữ,Ký tự được dạy cho trẻ nhỏ.,なし:không có,漢字(かんじ):chữ hán|文字(もじ):chữ cái|数字(すうじ):con số|名字(みょうじ):họ|赤字(あかじ):lỗ vốn
71,物,VẬT,ブツ|モツ,もの,8,牛-ngưu|勿-vật,Vật thể,Con bò (牛) và sự phân chia vật chất.,牛-nguu + 勿-vat -> (物) đồ vật,Mọi thứ tồn tại trên đời.,なし:không có,食べ物(たべもの):đồ ăn|飲み物(のみもの):đồ uống|買い物(かいもの):mua sắm|動物(どうぶつ):động vật|荷物(にもつ):hành lý
72,牛,NGƯU,ギュウ,うし,4,牛-ngưu,Con bò,Hình đầu con bò có hai sừng.,牛-nguu -> (牛) con bò,Động vật kéo cày lấy thịt.,なし:không có,牛乳(ぎゅうにゅう):sữa bò|牛肉(ぎゅうにく):thịt bò|子牛(こうし):bê con|和牛(わぎゅう):bò nhật|牛丼(ぎゅうどん):cơm thịt bò
73,馬,MÃ,バ,うま,10,馬-mã,Con ngựa,Hình con ngựa có bờm và bốn chân.,馬-ma -> (馬) con ngựa,Loài vật chạy nhanh có bốn chân.,なし:không có,馬車(ばしゃ):xe ngựa|乗馬(じょうば):cưỡi ngựa|子馬(こうま):ngựa con|競馬(けいば):đua ngựa|竹馬(たけうま):cà kheo
74,鳥,ĐIỂU,チョウ,とり,11,鳥-điểu,Con chim,Hình con chim có mỏ và đuôi dài.,鳥-dieu -> (鳥) loài chim,Động vật có cánh bay trên trời.,なし:không có,小鳥(ことり):chim nhỏ|鳥肉(とりにく):thịt chim|白鳥(はくちょう):thiên nga|焼き鳥(やきとり):thịt gà nướng|野鳥(やちょう):chim hoang dã
75,魚,NGƯ,ギョ,さかな,11,魚-ngư,Con cá,Hình con cá có đầu và vảy.,魚-ngu -> (魚) cá lội,Động vật sống dưới nước.,なし:không có,金魚(きんぎょ):cá vàng|人魚(にんぎょ):người cá|鮮魚(せんぎょ):cá tươi|魚屋(さかなや):tiệm cá|焼き魚(やきざかな):cá nướng
76,新,TÂN,シン,あたら-しい,13,立-lập|木-mộc|斤-cân,Mới,Dùng rìu (斤) chặt cây (木) để xây mới.,立-lap + 木-moc + 斤-can -> (新) mới mẻ,Sự thay đổi tạo ra cái mới.,新しい(あたらしい):mới,新聞(しんぶん):báo chí|新年(しんねん):năm mới|新幹線(しんかんせん):tàu cao tốc|新人(しんじん):người mới|新曲(しんきょく):bài hát mới
77,古,CỔ,コ,ふる-い,5,十-thập|口-khẩu,Cũ,Lời nói (口) truyền qua mười (十) đời.,十-thap + 口-khau -> (古) xưa cũ,Những thứ thuộc về quá khứ.,古い(ふるい):cũ,古本(ふるほん):sách cũ|古着(ふるぎ):quần áo cũ|古代(こだい):cổ đại|古株(ふるかぶ):người kỳ cựu|古風(こふう):phong cách cổ
78,長,TRƯỜNG,チョウ,なが-い,8,長-trường,Dài|trưởng,Hình người tóc dài hoặc vị trưởng lão.,長-truong -> (長) dài lâu,Khoảng cách hoặc vị trí đứng đầu.,長い(ながい):dài,社長(しゃちょう):giám đốc|校長(こうちょう):hiệu trưởng|身長(しんちょう):chiều cao|長所(ちょうしょ):sở trường|長年(ながねん):nhiều năm
79,短,ĐOẢN,タン,みじか-い,12,矢-thỉ|豆-đậu,Ngắn,Mũi tên (矢) dài bằng hạt đậu (豆).,矢-thi + 豆-dau -> (短) ngắn ngủi,Khoảng cách không dài.,短い(みじかい):ngắn,短編(たんぺん):truyện ngắn|短所(たんしょ):nhược điểm|短大(たんだい):trường cao đẳng|短期間(たんきかん):thời gian ngắn|短気(たんき):nóng tính
80,高,CAO,コウ,たか-い,10,高-cao,Cao|đắt,Hình tháp cao có mái che.,高-cao -> (高) cao quý,Chiều cao hoặc giá cả đắt.,高い(たかい):cao|đắt,高校(こうこう):trường cấp ba|最高(さいこう):tuyệt nhất|高度(こうど):độ cao|高級(こうきゅう):cao cấp|高値(たかね):giá cao
81,安,AN,アン,やす-い,6,宀-miên|女-nữ,Rẻ|an tâm,Người phụ nữ (女) dưới mái nhà (宀) thì an tâm.,宀-mien + 女-nu -> (安) yên ổn,Cảm giác an toàn hoặc giá rẻ.,安い(やすい):rẻ,安全(あんぜん):an toàn|安心(あんしん):an tâm|不安(ふあん):bất an|安売り(やすうり):bán rẻ|安定(あんてい):ổn định
82,低,ĐÊ,テイ,ひく-い,7,亻-nhân|氐-đê,Thấp,Người (亻) cúi xuống thấp.,亻-nhan + 氐-de -> (低) thấp kém,Vị trí không cao.,低い(ひくい):thấp,低下(ていか):sụt giảm|最低(さいてい):thấp nhất|低音(ていおん):âm trầm|低地(ていち):vùng đất thấp|低血圧(ていけつあつ):huyết áp thấp
83,暗,ÁM,アン,くら-い,13,日-nhật|音-âm,Tối,Mặt trời (日) bị âm thanh (音) che khuất.,日-nhat + 音-am -> (暗) tăm tối,Thiếu ánh sáng.,暗い(くらい):tối,暗記(あんき):học thuộc lòng|暗室(あんしつ):phòng tối|暗号(あんごう):mật mã|暗雲(あんうん):mây mù|暗闇(くらやみ):bóng tối
84,多,ĐA,タ,おお-い,6,夕-tịch|夕-tịch,Nhiều,Nhiều đêm (夕) chồng lên nhau.,夕-tich + 夕-tich -> (多) rất nhiều,Số lượng lớn.,多い(おおい):nhiều,多分(たぶん):có lẽ|多数(たすう):đa số|多少(たしょう):ít nhiều|多忙(たぼう):bận rộn|多額(たがく):số tiền lớn
85,少,THIỂU,ショウ,すこ-し|すく-ない,4,小-tiểu,Ít,Chữ tiểu (小) có thêm một nét gạch.,小-tieu -> (少) số ít,Số lượng không nhiều.,少ない(すくない):ít,少し(すこし):một chút|少々(しょうしょう):một ít|少年(しょうねん):thiếu niên|少女(しょうじょ):thiếu nữ|少人数(しょうにんずう):ít người
86,行,HÀNH,コウ|ギョウ,い-く,6,行-hành,Đi,Hình ngã tư đường.,行-hanh -> (行) thực hành,Di chuyển từ nơi này đến nơi khác.,なし:không có,行く(いく):đi|銀行(ぎんこう):ngân hàng|旅行(りょこう):du lịch|行事(ぎょうじ):sự kiện|一行目(いちぎょうめ):dòng thứ nhất
87,来,LAI,ライ,く-る,7,木-mộc,Đến,Lúa (木) từ xa đến.,木-moc -> (来) tương lai,Di chuyển về phía người nói.,なし:không có,来る(くる):đến|来年(らいねん):năm sau|来月(らいげつ):tháng sau|来週(らいしゅう):tuần sau|本来(ほんらい):vốn dĩ
88,帰,QUY,キ,かえ-る,10,リ-đao|止-chỉ,Về,Dùng dao (リ) cắt việc để về (止).,リ-dao + 止-chi -> (帰) trở về,Quay lại điểm xuất phát.,なし:không có,帰る(かえる):trở về|帰宅(きたく):về nhà|帰国(きこく):về nước|帰り道(かえりみち):đường về|日帰り(ひがえり):đi về trong ngày
89,食,THỰC,ショク,た-べる,9,食-thực,Ăn,Đồ ăn được đậy dưới mái che.,食-thuc -> (食) thực phẩm,Hành động nạp năng lượng.,なし:không có,食べる(たべる):ăn|食事(しょくじ):bữa ăn|朝食(ちょうしょく):bữa sáng|和食(わしょく):món nhật|定食(ていしょく):suất ăn
90,飲,ẨM,イン,の-む,12,食-thực|欠-khiếm,Uống,Người thiếu (欠) đồ ăn (食) nên phải uống.,食-thuc + 欠-khiem -> (飲) uống nước,Đưa chất lỏng vào cơ thể.,なし:không có,飲む(のむ):uống|飲み物(のみもの):đồ uống|飲食店(いんしょくてん):tiệm ăn uống|飲酒(いんしゅ):uống rượu|飲み会(のみかい):tiệc rượu
91,見,KIẾN,ケン,み-る,7,目-mục|儿-nhi,Nhìn,Con mắt (目) trên đôi chân (儿).,目-muc + 儿-nhi -> (見) quan sát,Dùng mắt để nhìn mọi vật.,なし:không có,見る(みる):nhìn|見学(けんがく):kiến tập|意見(いけん):ý kiến|見本(みほん):hàng mẫu|お見舞い(おみまい):thăm bệnh
92,聞,VĂN,ブン|モン,き-く,14,門-môn|耳-nhĩ,Nghe,Đặt tai (耳) vào cửa (門) để nghe.,門-mon + 耳-nhi -> (聞) lắng nghe,Dùng tai tiếp nhận âm thanh.,なし:không có,聞く(きく):nghe|新聞(しんぶん):báo chí|聞き取り(ききとり):nghe hiểu|前代未聞(ぜんだいみもん):chưa từng nghe|聞き手(ききて):người nghe
93,読,ĐỘC,ドク,よ-む,14,言-ngôn|売-mại,Đọc,Dùng lời nói (言) để đọc sách bán (売).,言-ngon + 売-mai -> (読) đọc sách,Phát âm những gì đã viết.,なし:không có,読む(よむ):đọc|読書(どくしょ):đọc sách|読解(どっかい):đọc hiểu|句読点(くとうてん):dấu phẩy|読み物(よみもの):tài liệu đọc
94,書,THƯ,ショ,か-く,10,聿-duật|日-nhật,Viết,Tay cầm bút (聿) viết cả ngày (日).,聿-duat + 日-nhat -> (書) viết lách,Ghi chép lại thông tin.,なし:không có,書く(かく):viết|図書館(としょかん):thư viện|辞書(じしょ):từ điển|書き直す(かきなおす):viết lại|教科書(きょうかしょ):sách giáo khoa
95,話,THOẠI,ワ,はな-す,13,言-ngôn|舌-thiệt,Nói,Dùng lưỡi (舌) phát ra lời (言).,言-ngon + 舌-thiet -> (話) trò chuyện,Trao đổi bằng ngôn ngữ.,なし:không có,話す(はなす):nói|電話(でんわ):điện thoại|世話(せわ):chăm sóc|英会話(えいかいわ):hội thoại tiếng anh|昔話(むかしばなし):chuyện xưa
96,買,MÃI,バイ,か-う,12,罒-võng|貝-bối,Mua,Dùng lưới (罒) thu gom sò (貝).,罒-vong + 貝-boi -> (買) mua sắm,Dùng tiền để đổi lấy vật.,なし:không có,買う(かう):mua|買い物(かいもの):mua sắm|売買(ばいばい):mua bán|買収(ばいしゅう):thu mua|買い手(かいて):người mua
97,教,GIÁO,キョウ,おし-える,11,耂-lão|子-tử|攵-phộc,Dạy,Người già (耂) dạy trẻ nhỏ (子) bằng roi (攵).,耂-lao + 子-tu + 攵-phoc -> (教) giáo dục,Truyền đạt kiến thức.,なし:không có,教える(おしえる):dạy|教室(きょうしつ):lớp học|教育(きょういく):giáo dục|教会(きょうかい):nhà thờ|教官(きょうかん):giảng viên
98,朝,TRIỀU,チョウ,あさ,12,十-thập|日-nhật|月-nguyệt,Sáng sớm,Mặt trời (日) mọc giữa cỏ và mặt trăng (月) còn đó.,十-thap + 日-nhat + 月-nguyet -> (朝) buổi sáng,Thời điểm bắt đầu ngày mới.,なし:không có,朝ご飯(あさごはん):cơm sáng|毎朝(まいあさ):mỗi sáng|今朝(けさ):sáng nay|朝日(あさひ):nắng sớm|朝食(ちょうしょく):bữa sáng
99,昼,TRÚ,チュウ,ひる,9,尺-xích|旦-đán,Trưa,Mặt trời (旦) lên cao bằng một thước (尺).,尺-xich + 旦-dan -> (昼) ban ngày,Thời gian giữa ngày.,なし:không có,昼休み(ひるやすみ):nghỉ trưa|昼ご飯(ひるごはん):cơm trưa|昼寝(ひるね):ngủ trưa|昼食(ちゅうしょく):bữa trưa|昼間(ひるま):ban ngày
100,夜,DẠ,ヤ,よる|よ,8,亠-đầu|亻-nhân|夕-tịch,Đêm,Người (亻) dưới mái nhà (亠) khi tối (夕).,亠-dau + 亻-nhan + 夕-tich -> (夜) buổi đêm,Thời gian khi trời tối hẳn.,なし:không có,夜中(よなか):nửa đêm|今夜(こんや):đêm nay|夜食(やしょく):ăn đêm|昨夜(さくや):đêm qua|夜明け(よあけ):bình minh
101,晩,VÃN,バン,なし,12,日-nhật|免-miễn,Tối muộn,Mặt trời (日) đã miễn (免) nhiệm vụ.,日-nhat + 免-mien -> (晩) buổi tối,Thời gian sau khi mặt trời lặn.,なし:không có,晩ご飯(ばんごはん):cơm tối|今晩(こんばん):tối nay|毎晩(まいばん):mỗi tối|晩年(ばんねん):tuổi già|晩春(ばんしゅん):cuối xuân
102,夕,TỊCH,セキ,ゆう,3,夕-tịch,Chiều tà,Hình mặt trăng khuyết khi chiều về.,夕-tich -> (夕) hoàng hôn,Lúc mặt trời sắp lặn.,なし:không có,夕方(ゆうがた):chiều tối|夕食(ゆうしょく):bữa tối|夕日(ゆうひ):nắng chiều|七夕(たなばた):lễ thất tịch|夕立(ゆうだち):mưa rào chiều
103,方,PHƯƠNG,ホウ,かた,4,方-phương,Hướng|cách,Hình chiếc cày chỉ về một hướng.,方-phuong -> (方) phương hướng,Chỉ phía hoặc cách thức làm.,なし:không có,方法(ほうほう):phương pháp|書き方(かきかた):cách viết|夕方(ゆうがた):chiều tối|両方(りょうほう):cả hai|方角(ほうがく):phương hướng
104,午,NGỌ,ゴ,なし,4,午-ngọ,Trưa,Hình cái chày giã gạo.,午-ngo -> (午) chính ngọ,Thời điểm 12 giờ trưa.,なし:không có,午前(ごぜん):sáng|午後(ごご):chiều|正午(しょうご):đúng trưa|午前中(ごぜんちゅう):suốt buổi sáng|午睡(ごすい):ngủ trưa
105,前,TIỀN,ゼン,まえ,9,止-chỉ|月-nguyệt|刀-đao,Trước,Cắt thịt (刀) trước mặt trăng (月).,止-chi + 月-nguyet + 刀-dao -> (前) phía trước,Vị trí hoặc thời gian trước.,なし:không có,名前(なまえ):tên|以前(いぜん):trước đây|三日前(みっかまえ):ba ngày trước|前半(ぜんはん):hiệp một|駅前(えきまえ):trước ga
106,後,HẬU,ゴ|コウ,あと|うし-ろ,9,彳-xích|糸-mịch|夂-truy,Sau,Người đi chậm (夂) theo sau sợi chỉ (糸).,彳-xich + 糸-mich + 夂-truy -> (後) phía sau,Vị trí hoặc thời gian sau.,なし:không có,後ろ(うしろ):phía sau|最後(さいご):cuối cùng|午後(ごご):chiều|後で(あとで):lát nữa|後半(こうはん):hiệp hai
107,毎,MỖI,マイ,なし,6,𠂉-nhân|母-mẫu,Mỗi,Mỗi ngày người mẹ (母) đều làm việc.,𠂉-nhan + 母-mau -> (毎) hằng ngày,Sự lặp lại thường xuyên.,なし:không có,毎日(まいにち):mỗi ngày|毎週(まいしゅう):mỗi tuần|毎月(まいつき):mỗi tháng|毎年(まいねん):mỗi năm|毎晩(まいばん):mỗi tối
108,週,CHU,シュウ,なし,11,周-chu|辶-sước,Tuần,Đi (辶) quanh một vòng (周).,周-chu + 辶-suoc -> (週) một tuần,Chu kỳ bảy ngày.,なし:không có,一週間(いっしゅうかん):một tuần|先週(せんしゅう):tuần trước|来週(らいしゅう):tuần sau|今週(こんしゅう):tuần này|週末(しゅうまつ):cuối tuần
109,曜,DIỆU,ヨウ,なし,18,日-nhật|隹-truy,Thứ (ngày),Mặt trời (日) chiếu sáng đôi chim (隹).,日-nhat + 隹-truy -> (曜) ngày thứ,Chỉ các ngày trong tuần.,なし:không có,日曜日(にちようび):chủ nhật|月曜日(げつようび):thứ hai|何曜日(なんようび):thứ mấy|曜日(ようび):thứ trong tuần|七曜(しちよう):bảy thứ
110,作,TÁC,サク|サ,つく-る,7,亻-nhân|乍-sạ,Làm|tạo,Người (亻) đang đột ngột (乍) làm việc.,亻-nhan + 乍-sa -> (作) chế tác,Tạo ra một vật gì đó.,なし:không có,作る(つくる):làm|作文(さくぶん):tập làm văn|作家(さっか):nhà văn|作品(さくひん):tác phẩm|手作り(てづくり):làm bằng tay
111,泳,VỊNH,エイ,およ-ぐ,8,氵-thủy|永-vĩnh,Bơi,Nước (氵) chảy mãi mãi (永).,氵-thuy + 永-vinh -> (泳) bơi lội,Di chuyển trong nước.,なし:không có,泳ぐ(およぐ):bơi|水泳(すいえい):bơi lội|平泳ぎ(ひらおよぎ):bơi ếch|背泳ぎ(せおよぎ):bơi ngửa|競泳(きょうえい):thi bơi
112,油,DU,ユ,あぶら,8,氵-thủy|由-do,Dầu,Nước (氵) chảy từ nguyên do (由).,氵-thuy + 由-do -> (油) dầu ăn,Chất lỏng trơn từ thực vật.,なし:không có,石油(せきゆ):dầu mỏ|油絵(あぶらえ):tranh sơn dầu|醤油(しょうゆ):nước tương|サラダ油(さらだゆ):dầu thực vật|油断(ゆだん):lơ là
113,海,HẢI,カイ,うみ,9,氵-thủy|毎-mỗi,Biển,Nước (氵) có mặt ở mỗi (毎) nơi.,氵-thuy + 毎-moi -> (海) biển cả,Vùng nước mặn rộng lớn.,なし:không có,海外(かいがい):ngoại quốc|北海道(ほっかいどう):hokkaido|海水(かいすい):nước biển|海辺(うみべ):bờ biển|地中海(ちちゅうかい):địa trung hải
114,酒,TỬU,シュ,さけ|さか,10,氵-thủy|酉-dậu,Rượu,Nước (氵) đựng trong bình (酉).,氵-thuy + 酉-dau -> (酒) rượu chè,Đồ uống có cồn.,なし:không có,日本酒(にほんしゅ):rượu nhật|お酒(おさけ):rượu|酒屋(さかや):tiệm rượu|居酒屋(いざかや):quán nhậu|洋酒(ようしゅ):rượu tây
115,待,ĐÃI,タイ,ま-つ,9,彳-xích|寺-tự,Đợi,Người đi bộ (彳) dừng ở chùa (寺).,彳-xich + 寺-tu -> (待) chờ đợi,Nán lại một chỗ để chờ.,なし:không có,待つ(まつ):đợi|期待(きたい):kì vọng|招待(しょうたい):chiêu đãi|待合室(まちあいしつ):phòng chờ|待ち合わせ(まちあわせ):hẹn gặp
116,校,HIỆU,コウ,なし,10,木-mộc|交-giao,Trường,Cái cây (木) nơi mọi người giao (交) nhau.,木-moc + 交-giao -> (校) trường học,Nơi tập trung để học tập.,なし:không có,学校(がっこう):trường học|校長(こうちょう):hiệu trưởng|高校(こうこう):trường cấp ba|校門(こうもん):cổng trường|母校(ぼこう):trường cũ
117,時,THỜI,ジ,とき,10,日-nhật|寺-tự,Thời gian,Mặt trời (日) đi qua ngôi chùa (寺).,日-nhat + 寺-tu -> (時) giờ giấc,Đơn vị đo lường thời gian.,なし:không có,時間(じかん):thời gian|時計(とけい):đồng hồ|時々(ときどき):thỉnh thoảng|一時代(いちじだい):một thời đại|同時(どうじ):đồng thời
118,言,NGÔN,ゲン|ゴン,い-う|こと,7,言-ngôn,Lời nói,Những vạch lời nói phát ra từ miệng.,言-ngon -> (言) ngôn từ,Dùng miệng để phát biểu.,なし:không có,言う(いう):nói|言葉(ことば):từ ngữ|言語(げんご):ngôn ngữ|予言(よげん):tiên tri|伝言(でんごん):lời nhắn
119,計,KẾ,ケイ,はか-る,9,言-ngôn|十-thập,Kế hoạch,Nói (言) mười (十) lời để tính toán.,言-ngon + 十-thap -> (計) tính toán,Lập dự định hoặc đo lường.,なし:không có,時計(とけい):đồng hồ|計画(けいかく):kế hoạch|合計(ごうけい):tổng cộng|会計(かいけい):thanh toán|計算(けいさん):tính toán
120,語,NGỮ,ゴ,かた-る,14,言-ngôn|五-ngũ|口-khẩu,Ngôn ngữ,Dùng miệng (口) nói năm (五) ngôn (言).,言-ngon + 五-ngu + 口-khau -> (語) từ ngữ,Tiếng nói của một dân tộc.,なし:không có,日本語(にほんご):tiếng nhật|単語(たんご):từ vựng|物語(ものがたり):câu chuyện|英語(えいご):tiếng anh|敬語(けいご):kính ngữ
121,飯,PHẠN,ハン,めし,12,食-thực|反-phản,Cơm,Đồ ăn (食) làm từ vật phản (反).,食-thuc + 反-phan -> (飯) bữa cơm,Thức ăn nấu chín từ gạo.,なし:không có,ご飯(ごはん):cơm|晩ご飯(ばんごはん):cơm tối|夕飯(ゆうはん):bữa tối|炊飯器(すいはんき):nồi cơm điện|赤飯(せきはん):xôi đậu đỏ
122,宅,TRẠCH,タク,なし,6,宀-miên|乇-thác,Nhà,Cái cây (乇) dưới mái nhà (宀).,宀-mien + 乇-thac -> (宅) nhà cửa,Nơi cư trú riêng tư.,なし:không có,自宅(じたく):nhà mình|帰宅(きたく):về nhà|住宅(じゅうたく):nhà ở|お宅(おたく):nhà ngài|宅配便(たくはいびん):giao hàng tận nhà
123,客,KHÁCH,キャク,なし,9,宀-miên|各-các,Khách,Mỗi người (各) đến dưới mái nhà (宀).,宀-mien + 各-cac -> (客) khách khứa,Người đến thăm hoặc mua hàng.,なし:không có,お客様(おきゃくさま):khách hàng|乗客(じょうきゃく):hành khách|来客(らいきゃく):khách đến|客間(きゃくま):phòng khách|観客(かんきゃく):khán giả
124,室,THẤT,シツ,むろ,9,宀-miên|至-chí,Phòng,Đi đến (至) dưới mái nhà (宀).,宀-mien + 至-chi -> (室) căn phòng,Không gian bên trong nhà.,なし:không có,教室(きょうしつ):lớp học|図書室(としょしつ):phòng đọc sách|室内(しつない):trong phòng|和室(わしつ):phòng kiểu nhật|地下室(ちかしつ):hầm
125,家,GIA,カ|ケ,いえ|や,10,宀-miên|豕-thỉ,Gia đình,Con lợn (豕) dưới mái nhà (宀).,宀-mien + 豕-thi -> (家) nhà ở,Nơi cả gia đình sinh sống.,なし:không có,家族(かぞく):gia đình|家内(かない):vợ mình|家事(かじ):việc nhà|漫画家(まんがか):họa sĩ truyện tranh|空き家(あきや):nhà bỏ hoang
126,英,ANH,エイ,なし,8,艹-thảo|央-ương,Anh (Anh quốc),Bông hoa (艹) nở ở trung tâm (央).,艹-thao + 央-uong -> (英) tài giỏi,Chỉ nước Anh hoặc sự tinh túy.,なし:không có,英語(えいご):tiếng anh|英国(えいこく):nước anh|英雄(えいゆう):anh hùng|英会話(えいかいわ):hội thoại tiếng anh|英才(えいさい):anh tài
127,薬,ƯỚC,ヤク,くすり,16,艹-thảo|楽-lạc,Thuốc,Cây cỏ (艹) làm ta vui vẻ (楽).,艹-thao + 楽-lac -> (薬) dược phẩm,Chất dùng để chữa bệnh.,なし:không có,目薬(めぐすり):thuốc nhỏ mắt|薬屋(くすりや):tiệm thuốc|飲み薬(のみぐすり):thuốc uống|風邪薬(かぜぐすり):thuốc cảm|薬局(やっきょく):nhà thuốc
128,会,HỘI,カイ,あ-う,6,会-hội,Gặp gỡ,Hai người gặp nhau dưới một mái che.,会-hoi -> (会) gặp mặt,Sự tụ họp của nhiều người.,なし:không có,会う(あう):gặp|会社(かいしゃ):công ty|会話(かいわ):hội thoại|新年会(しんねんかい):tiệc năm mới|会場(かいじょう):hội trường
129,今,KIM,コン,いま,4,今-kim,Bây giờ,Cái chuông đang ngân vang hiện tại.,今-kim -> (今) hiện tại,Thời điểm ngay lúc này.,なし:không có,今日(きょう):hôm nay|今月(こんげつ):tháng này|今年(ことし):năm nay|今朝(けさ):sáng nay|今度(こんど):lần tới
130,雪,TUYẾT,セツ,ゆき,11,雨-vũ|ヨ-kệ,Tuyết,Mưa (雨) rơi xuống lạnh giá thành tuyết.,雨-vu + ヨ-ke -> (雪) băng giá,Nước đóng băng rơi từ trời.,なし:không có,大雪(おおゆき):tuyết rơi nhiều|新雪(しんせつ):tuyết mới|雪まつり(ゆきまつり):lễ hội tuyết|降雪(こうせつ):tuyết rơi|雪だるま(ゆきだるま):người tuyết
131,雲,VÂN,ウン,くも,12,雨-vũ|云-vân,Mây,Mưa (雨) từ đám mây (云) rơi xuống.,雨-vu + 云-van -> (雲) đám mây,Hơi nước tụ lại trên trời.,なし:không có,雲海(うんかい):biển mây|雨雲(あまぐも):mây mưa|入道雲(にゅうどうぐも):mây tích|白雲(はくうん):mây trắng|暗雲(あんうん):mây mù
132,電,ĐIỆN,デン,なし,13,雨-vũ|申-thân,Điện,Sét đánh khi mưa (雨) qua ruộng (申).,雨-vu + 申-than -> (電) dòng điện,Năng lượng nhân tạo hoặc tự nhiên.,なし:không có,電車(でんしゃ):tàu điện|電話( instrument):điện thoại|電気(でんき):điện năng|電池(でんち):pin|電力(でんりょく):điện lực
133,売,MẠI,バイ,う-る,7,士-sĩ|冖-mịch|儿-nhi,Bán,Người (士) đội mũ (冖) đi (儿) bán hàng.,士-si + 冖-mich + 儿-nhi -> (売) buôn bán,Trao đổi vật lấy tiền.,なし:không có,売る(うる):bán|売店(ばいてん):quầy bán hàng|売り場(うりば):nơi bán hàng|売買(ばいばい):mua bán|発売(はつばい):phát hành
134,広,QUẢNG,コウ,ひろ-い,5,广-nghiễm|ム-khu,Rộng,Dưới mái hiên (广) có khoảng trống (ム).,广-nghiem + ム-khu -> (広) rộng lớn,Diện tích bao la.,広い(ひろい):rộng,広島(ひろしま):tên tỉnh hiroshima|広大(こうだい):rộng lớn|広告(こうこく):quảng cáo|広場(ひろば):quảng trường|広さ(ひろさ):chiều rộng
135,店,ĐIẾM,テン,みせ,8,广-nghiễm|占-chiêm,Cửa hàng,Nơi chiếm (占) đất dưới mái hiên (广).,广-nghiem + 占-chiem -> (店) cửa tiệm,Nơi thực hiện việc mua bán.,なし:không có,店員(てんいん):nhân viên|書店(しょてん):hiệu sách|喫茶店(きっさてん):quán giải khát|本店(ほんてん):trụ sở chính|店先(みせさき):trước cửa hàng
136,度,ĐỘ,ド,たび,9,广-nghiễm|廿-nhập|又-hựu,Lần|mức độ,Đo đạc dưới mái hiên (广) nhiều lần.,广-nghiem -> (度) nhiệt độ,Đơn vị đo lường hoặc tần suất.,なし:không có,一度(いちど):một lần|今度(こんど):lần tới|温度(おんど):nhiệt độ|速度(そくど):tốc độ|支度(したく):chuẩn bị
137,病,BỆNH,ビョウ,や-む,10,疒-nạch|丙-bính,Bệnh,Nằm trên giường bệnh (疒) đau đớn.,疒-nach + 丙-binh -> (病) đau ốm,Trạng thái không khỏe mạnh.,なし:không có,病院(びょういん):bệnh viện|病気(びょうき):ốm|病室(びょうしつ):phòng bệnh|重病(じゅうびょう):bệnh nặng|病人(びょうにん):người bệnh
138,疲,BÌ,ヒ,つか-れる,10,疒-nạch|皮-bì,Mệt,Cơ thể (疒) mệt đến tróc da (皮).,疒-nach + 皮-bi -> (疲) mệt mỏi,Cảm giác đuối sức.,なし:không có,疲れる(つかれる):mệt|疲労(ひろう):mệt nhọc|疲れ目(つかれめ):mỏi mắt|お疲れ様(おつかれさま):vất vả rồi|疲弊(ひへい):kiệt sức
139,痛,THỐNG,ツウ,いた-い,12,疒-nạch|甬-dũng,Đau,Bị bệnh (疒) đau như dao đâm.,疒-nach + 甬-dung -> (痛) đau đớn,Cảm giác đau về thể xác.,痛い(いたい):đau,痛む(いたむ):đau|頭痛(ずつう):đau đầu|腹痛(ふくつう):đau bụng|痛み止め(いたみどめ):thuốc giảm đau|苦痛(くつう):khổ đau
140,屋,ỐC,オク,や,9,尸-thi|至-chí,Nhà|tiệm,Xác người (尸) đi đến (至) ngôi nhà.,尸-thi + 至-chi -> (屋) mái nhà,Nơi ở hoặc cửa hàng nhỏ.,なし:không có,屋上(おくじょう):sân thượng|本屋(ほんや):tiệm sách|パン屋(ぱんや):tiệm bánh mì|部屋(へや):căn phòng|居酒屋(いざかや):quán nhậu
141,国,QUỐC,コク,くに,8,囗-vi|玉-ngọc,Quốc gia,Viên ngọc (玉) được bao quanh (囗).,囗-vi + 玉-ngoc -> (国) đất nước,Lãnh thổ được bảo vệ.,なし:không có,外国(がいこく):nước ngoài|中国(ちゅうごく):trung quốc|国籍(こくせき):quốc tịch|国立(こくりつ):quốc lập|国内(こくない):trong nước
142,回,HỒI,カイ,まわ-る,6,囗-vi,Vòng|lần,Vòng tròn nhỏ nằm trong vòng lớn.,囗-vi -> (回) xoay quanh,Lặp lại hoặc quay về.,なし:không có,一回(いっかい):một lần|回る(まわる):xoay|回転(かいてん):vòng quay|今回(こんかい):lần này|回答(かいとう):trả lời
143,困,KHỐN,コン,こま-る,7,囗-vi|木-mộc,Khó khăn,Cái cây (木) bị nhốt trong hộp (囗).,囗-vi + 木-moc -> (困) khốn cùng,Cảm giác bế tắc không thoát ra.,なし:không có,困る(こまる):khó khăn|困難(こんなん):nan giải|困惑(こんわく):bối rối|貧困(ひんこん):nghèo đói|困窮(こんきゅう):túng quẫn
144,開,KHAI,カイ,あ-ける|ひら-く,12,門-môn|开-nghiên,Mở,Dùng hai tay mở cánh cổng (門).,門-mon + 开-nghien -> (開) mở ra,Bắt đầu hoặc khai mở.,なし:không có,開ける(あける):mở|開店(かいてん):mở cửa tiệm|開始(かいし):bắt đầu|公開(こうかい):công khai|開会(かいかい):khai mạc
145,閉,BẾ,ヘイ,し-める|と-じる,11,門-môn|才-tài,Đóng,Dùng then cài (才) đóng cổng (門).,門-mon + 才-tai -> (閉) đóng lại,Kết thúc hoặc che kín.,なし:không có,閉める(しめる):đóng|閉店(へいてん):đóng cửa tiệm|閉会(へいかい):bế mạc|閉鎖(へいさ):phong tỏa|閉じる(とじる):gập lại
146,近,CẬN,キン,ちか-い,7,辶-sước|斤-cân,Gần,Đi bộ (辶) bằng một cái rìu (斤).,辶-suoc + 斤-can -> (近) gần gũi,Khoảng cách ngắn.,近い(ちかい):gần,近く(ちかく):gần đây|近所(きんじょ):hàng xóm|最近(さいきん):gần đây|近代(きんだい):cận đại|近道(ちかみち):đường tắt
147,遠,VIỄN,エン,とお-い,13,辶-sước|袁-viên,Xa,Đi bộ (辶) một quãng đường dài.,辶-suoc + 袁-vien -> (遠) xa xôi,Khoảng cách rất dài.,遠い(とおい):xa,遠足(えんそく):dã ngoại|遠慮(えんりょ):ngần ngại|永遠(えいえん):vĩnh viễn|遠く(とおく):phương xa|遠距離(えんきょり):khoảng cách xa
148,速,TỐC,ソク,はや-い,10,辶-sước|束-thúc,Nhanh,Đi bộ (辶) nhanh như bó đuốc (束).,辶-suoc + 束-thuc -> (速) tốc độ,Chạy đua với thời gian.,速い(はやい):nhanh,速度(そくど):tốc độ|高速(こうそく):cao tốc|速達(そくだつ):chuyển phát nhanh|快速(かいそく):siêu tốc|速報(そくほう):tin nhanh
149,遅,TRÌ,チ,おそ-い|おく-れる,13,辶-sước|尸-thi|羊-dương,Muộn|chậm,Con cừu (羊) đi bộ (辶) chậm chạp.,辶-suoc + 尸-thi + 羊-duong -> (遅) trễ nải,Không kịp thời gian.,遅い(おそい):chậm|muộn,遅刻(ちこく):đi trễ|遅れる(おくれる):muộn|遅延(ちえん):trì hoãn|手遅れ(ておくれ):quá muộn|遅疑(ちぎ):do dự
150,道,ĐẠO,ドウ,みち,12,辶-sước|首-thủ,Đường,Cái đầu (首) dẫn đường khi đi (辶).,辶-suoc + 首-thu -> (道) con đường,Lối đi hoặc đạo lý.,なし:không có,道具(どうぐ):dụng cụ|水道(すいどう):nước máy|書道(しょどう):thư pháp|柔道(じゅうどう):nhu đạo|道路(どうろ):đường sá
151,青,THANH,セイ|ショウ,あお-い,8,青-thanh,Xanh,Hình mầm cây mọc lên trên giếng nước.,青-thanh -> (青) màu xanh,Màu của bầu trời và cây cỏ.,青い(あおい):xanh,青年(せいねん):thanh niên|青空(あおぞら):trời xanh|青森(あおもり):aomori|青信号(あおしんごう):đèn xanh|真っ青(まっさお):xanh mét
152,晴,TÌNH,セイ,は-れる,12,日-nhật|青-thanh,Nắng,Mặt trời (日) chiếu trên nền trời xanh (青).,日-nhat + 青-thanh -> (晴) trời nắng,Thời tiết đẹp không mây.,なし:không có,晴れ(はれ):trời nắng|晴天(せいてん):trời trong|素晴しい(すばらしい):tuyệt vời|気晴らし(きばらし):thư giãn|見晴らし(みはらし):tầm nhìn
153,静,TĨNH,セイ|ジョウ,しず-か,14,青-thanh|争-tranh,Yên tĩnh,Xanh (青) lặng không có tranh (争) chấp.,青-thanh + 争-tranh -> (静) tĩnh lặng,Không gian không tiếng động.,静か(しずか):yên tĩnh,静止(せいし):đứng yên|安静(あんせい):nghỉ ngơi|静脈(じょうみゃく):tĩnh mạch|静まる(しずまる):lắng xuống|平静(へいせい):bình tĩnh
154,寺,TỰ,ジ,てら,6,土-thổ|寸-thốn,Chùa,Nơi đo đạc (寸) đất (土) thánh.,土-tho + 寸-thon -> (寺) ngôi chùa,Nơi tu hành đạo phật.,なし:không có,お寺(おてら):ngôi chùa|寺院(じいん):đền tự|金閣寺(きんかくじ):chùa vàng|清水寺(きよみずでら):chùa kiyomizu|山寺(やまでら):chùa núi
155,持,TRÌ,ジ,も-つ,9,扌-thủ|寺-tự,Cầm|giữ,Dùng tay (扌) giữ ngôi chùa (寺).,扌-thu + 寺-tu -> (持) duy trì,Mang theo hoặc cầm nắm.,なし:không có,持つ(まつ):cầm|気持ち(きもち):cảm giác|金持ち(かねもち):người giàu|支持(しじ):ủng hộ|持参(じさん):mang theo
156,荷,HÀ,カ,に,10,艹-thảo|何-hà,Hàng hóa,Cây cỏ (艹) hỏi cái gì (何) là hàng.,艹-thao + 何-ha -> (荷) hành lý,Đồ đạc cần vận chuyển.,なし:không có,荷物(にもつ):hàng hóa|重荷(おもに):gánh nặng|出荷(しゅっか):xuất hàng|入荷(にゅうか):nhập hàng|手荷物(てにもつ):hành lý xách tay
157,歌,CA,カ,うた-う,14,可-khả|欠-khiếm,Hát,Mở miệng (欠) hát lời khả (可) ái.,可-kha + 欠-khiem -> (歌) bài hát,Âm nhạc phát ra từ miệng.,なし:không có,歌う(うたう):hát|歌手(かしゅ):ca sĩ|歌舞伎(かぶき):kịch kabuki|国歌(こっか):quốc ca|短歌(たんか):thơ tanka
158,友,HỮU,ユウ,とも,4,友-hữu,Bạn,Hai bàn tay đan vào nhau.,友-huu -> (友) bạn bè,Người đồng hành thân thiết.,なし:không có,友達(ともだち):bạn bè|友人(ゆうじん):người bạn|友好(ゆうこう):hữu nghị|親友(しんゆう):bạn thân|戦友(せんゆう):chiến hữu
159,父,PHỤ,フ,ちち,4,父-phụ,Cha,Hình người đàn ông cầm roi dạy bảo.,父-phu -> (父) người cha,Trụ cột trong gia đình.,なし:không có,お父さん(おとうさん):bố|父親(ちちおや):thân phụ|祖父(そふ):ông|父母(ふぼ):bố mẹ|叔父(おじ):chú
160,母,MẪU,ボ,はは,5,母-mẫu,Mẹ,Hình người phụ nữ có hai bầu sữa.,母-mau -> (母) người mẹ,Người sinh thành và nuôi dưỡng.,なし:không có,お母さん(おかあさん):mẹ|母親(ははおや):thân mẫu|祖母(そぼ):bà|母国(ぼこく):mẫu quốc|母語(ぼご):tiếng mẹ đẻ
161,兄,HUYNH,ケイ|キョウ,あに,5,口-khẩu|儿-nhi,Anh trai,Đứa trẻ (儿) biết nói (口) là anh.,口-khau + 儿-nhi -> (兄) anh trai,Người anh lớn trong nhà.,なし:không có,お兄さん(おにいさん):anh|兄弟(きょうだい):anh em|長兄(ちょうけい):anh cả|実兄(じつけい):anh ruột|義兄(ぎけい):anh rể
162,姉,TỶ,シ,あね,8,女-nữ|市-thị,Chị gái,Người nữ (女) đi ra chợ (市).,女-nu + 市-thi -> (姉) chị gái,Người chị trong gia đình.,なし:không có,お姉さん(おねえさん):chị|姉妹(しまい):chị em|長姉(ちょうし):chị cả|実姉(じっし):chị ruột|義姉(ぎし):chị dâu
163,弟,ĐỆ,テイ|ダイ,おとうと,7,弟-đệ,Em trai,Hình cái cọc có quấn dây nỏ.,弟-de -> (弟) em trai,Người em nhỏ trong gia đình.,なし:không có,兄弟(きょうだい):anh em|弟子(でし):đệ tử|義弟(ぎてい):em rể|末弟(まってい):em út|子弟(してい):con em
164,妹,MUỘI,マイ,いもうと,8,女-nữ|未-vị,Em gái,Người nữ (女) chưa (未) trưởng thành.,女-nu + 未-vi -> (妹) em gái,Người em gái nhỏ trong nhà.,なし:không có,妹(いもうと):em gái|姉妹(しまい):chị em|義妹(ぎまい):em dâu|従妹(じゅうまい):em họ nữ|末妹(まつまい):em út nữ
165,夫,PHU,フ,おっと,4,夫-phu,Chồng,Người đàn ông (大) có gạch trên đầu.,夫-phu -> (夫) người chồng,Người đàn ông trụ cột gia đình.,なし:không có,夫(おっと):chồng|夫婦(ふうふ):vợ chồng|丈夫(じょうぶ):bền chắc|工夫(くふう):công phu|夫人(ふじん):phu nhân
166,妻,THÊ,サイ,つま,8,妻-thê,Vợ,Người nữ (女) đội khăn làm việc.,妻-the -> (妻) người vợ,Người phụ nữ trong gia đình.,なし:không có,妻(つま):vợ|夫妻(ふさい):vợ chồng|一妻(いっさい):một vợ|愛妻(あいさい):vợ yêu|前妻(ぜんさい):vợ trước
167,彼,BỈ,ヒ,かれ,8,彳-xích|皮-bì,Anh ấy,Người (彳) khoác lớp da (皮) kia.,彳-xich + 皮-bi -> (彼) người đó,Chỉ người nam hoặc người ấy.,なし:không có,彼(かれ):anh ấy|彼女(かのじょ):cô ấy|彼ら(かれら):họ|彼岸(ひがん):bờ bên kia|彼方(かなた):phương đó
168,主,CHỦ,シュ,ぬし,5,主-chủ,Chủ nhân,Ngọn đèn thắp sáng trên giá đỡ.,主-chu -> (主) làm chủ,Người đứng đầu hoặc quan trọng.,なし:không có,主人(しゅじん):chồng|中心(ちゅうしん):trung tâm|主力(しゅりょく):chủ lực|主な(おもな):chính|持ち主(もちぬし):người sở hữu
169,奥,ÁO,オウ,おく,12,宀-miên|釆-biện|大-đại,Bên trong,Sâu bên dưới mái nhà (宀) to lớn (大).,宀-mien + 大-dai -> (奥) sâu thẳm,Vị trí khuất bên trong.,なし:không có,奥さん(おくさん):vợ người khác|奥地(おくち):vùng sâu|奥歯(おくば):răng hàm|奥義(おうぎ):bí quyết|奥行き(おくゆき):chiều sâu
170,元,NGUYÊN,ゲン|ガン,もと,4,二-nhị|儿-nhi,Nguồn gốc,Phần dưới đôi chân (儿) là nền tảng.,二-nhi + 儿-nhi -> (元) ban đầu,Căn bản hoặc khỏe mạnh.,なし:không có,元気(げんき):khỏe mạnh|元日(がんじつ):mùng một tết|地元(じもと):địa phương|足元(あしもと):dưới chân|紀元前(きげんぜん):trước công nguyên
171,気,KHÍ,キ,なし,6,气-khí|メ-mễ,Khí,Hơi nước (气) bốc lên từ cơm (メ).,气-khi + メ-me -> (気) không khí,Cảm giác hoặc năng lượng.,なし:không có,天気(てんき):thời tiết|電気(でんき):điện|病気(びょうき):ốm|気持ち(きもち):cảm giác|気分(きぶん):tâm trạng
172,有,HỮU,ユウ,あ-る,6,𠂇-tả|月-nguyệt,Có,Bàn tay (𠂇) nắm giữ miếng thịt (月).,𠂇-ta + 月-nguyet -> (有) sở hữu,Sự tồn tại của một vật.,なし:không có,有名(ゆうめい):nổi tiếng|有力(ゆうりょく):có lực|有効(ゆうこう):hiệu lực|所有(しょゆう):sở hữu|有能(ゆうのう):có tài
173,名,DANH,メイ|ミョウ,な,6,夕-tịch|口-khẩu,Tên,Trong đêm (夕) dùng miệng (口) gọi tên.,夕-tich + 口-khau -> (名) danh tính,Cách gọi để phân biệt.,なし:không có,名前(なまえ):tên|有名(ゆうめい):nổi tiếng|名字(みょうじ):họ|名刺(めいし):danh thiếp|名物(めいぶつ):đặc sản
174,親,THÂN,シン,おや|した-しい,16,立-lập|木-mộc|見-kiến,Cha mẹ,Đứng (立) trên cây (木) để nhìn (見) con.,立-lap + 木-moc + 見-kien -> (親) thân thiết,Cha mẹ hoặc người gần gũi.,親しい(したしい):thân thiết,両親(りょうしん):bố mẹ|父親(ちちおや):bố|母親(ははおや):mẹ|親切(しんせつ):tốt bụng|親友(しんゆう):bạn thân
175,切,THIẾT,セツ,き-る,4,七-thất|刀-đao,Cắt,Dùng dao (刀) cắt làm bảy (七) đoạn.,七-that + 刀-dao -> (切) cắt rời,Hành động chia nhỏ hoặc khẩn cấp.,なし:không có,切る(きる):cắt|切手(きって):tem|大切(たいせつ):quan trọng|親切(しんせつ):tốt bụng|締め切り(しめきり):hạn chót
176,便,TIỆN,ベン|ビン,たよ-り,9,亻-nhân|更-canh,Tiện lợi,Người (亻) thay đổi (更) cho thuận tiện.,亻-nhan + 更-canh -> (便) thuận tiện,Tin tức hoặc sự tiện ích.,なし:không có,便利(べんり):tiện lợi|郵便局(ゆうびんきょく):bưu điện|航空便(こうくうびん):thư máy bay|便所(べんじょ):nhà vệ sinh|宅急便(たっきゅうびん):giao hàng nhanh
177,利,LỢI,リ,き-く,7,禾-hoa|刀-đao,Lợi nhuận,Dùng dao (刀) thu hoạch lúa (禾).,禾-hoa + 刀-dao -> (利) lợi ích,Sự hiệu quả hoặc tiền lời.,なし:không có,便利(べんり):tiện lợi|利用(りよう):sử dụng|利益(りえき):lợi nhuận|金利(きんり):lãi suất|有利(ゆうり):có lợi
178,不,BẤT,フ,なし,4,不-bất,Không,Hình chim bay lên trời không trở lại.,不-bat -> (不) phủ định,Từ dùng để phủ định ý nghĩa.,なし:không có,不便(ふべん):bất tiện|不安(ふあん):bất an|不足(ふそく):thiếu|不運(ふうん):không may|不可能(ふかのう):không thể
179,若,NHƯỢC,ジャク,わか-い,8,艹-thảo|右-hữu,Trẻ,Tay (右) hái cỏ (艹) khi còn xanh.,艹-thao + 右-huu -> (若) trẻ trung,Độ tuổi thanh xuân.,若い(わかい):trẻ,若者(わかもの):người trẻ|若さ(わかさ):sự trẻ trung|若手(わかて):người mới trẻ|若々しい(わかわかしい):trẻ trung|若干(じゃっかん):một ít
180,早,TẢO,ソウ,はや-い,6,日-nhật|十-thập,Sớm,Mặt trời (日) mọc trên ngọn cỏ (十).,日-nhat + 十-thap -> (早) sớm sủa,Thời gian bắt đầu từ sớm.,早い(はやい):sớm,早く(はやく):nhanh lên|早朝(そうちょう):sáng sớm|早退(そうたい):về sớm|早起き(はやおき):dậy sớm|早速(さっそく):ngay lập tức
181,忙,MANG,ボウ,いそが-しい,7,忄-tâm|亡-vong,Bận,Tâm (忄) bị mất (亡) vì quá nhiều việc.,忄-tam + 亡-vong -> (忙) bận rộn,Không có thời gian rảnh.,忙しい(いそがしい):bận,多忙(たぼう):rất bận|忙殺(ぼうさつ):bận túi bụi|繁忙期(はんぼうき):mùa bận rộn|忙中(ぼうちゅう):lúc bận|慌ただしい(あわただしい):hối hả
182,出,XUẤT,シュツ,で-る|だ-す,5,出-xuất,Ra,Hình mầm cây mọc ra khỏi đất.,出-xuat -> (出) đi ra,Di chuyển ra ngoài.,なし:không có,出る(でる):ra|出口(でぐち):lối ra|出す(だす):lấy ra|出発(しゅっぱつ):xuất phát|思い出(おもいで):kỷ niệm
183,入,NHẬP,ニュウ,はい-る|い-れる,2,入-nhập,Vào,Hình lối vào hầm trú ẩn.,入-nhap -> (入) đi vào,Di chuyển vào bên trong.,なし:không có,入る(はいる):vào|入口(いりぐち):lối vào|入れる(いれる):cho vào|入学(にゅうがく):nhập học|入院(にゅういん):nhập viện
184,乗,THỪA,ジョウ,の-る,9,禾-hoa|北-bắc,Lên xe,Người đứng trên cây (禾) để lên xe.,禾-hoa -> (乗) cưỡi|lên,Sử dụng phương tiện di chuyển.,なし:không có,乗る(のる):lên xe|乗客(じょうきゃく):hành khách|乗り物(のりもの):phương tiện|乗車(じょうしゃ):lên tàu|乗馬(じょうば):cưỡi ngựa
185,降,HÀNG|GIÁNG,コウ,お-りる|ふ-る,10,阝-phụ|夅-giáng,Xuống|rơi,Đi xuống (夅) từ sườn núi (阝).,阝-phu + 夅-giang -> (降) rơi xuống,Mưa rơi hoặc xuống xe.,なし:không có,降りる(おりる):xuống|降る(ふる):rơi (mưa)|降車(こうしゃ):xuống xe|降雪(こうせつ):tuyết rơi|以降(いこう):sau đó
186,着,TRƯỚC,チャク,き-る|つ-く,12,羊-dương|目-mục,Mặc|đến,Con cừu (羊) nhìn (目) quần áo để mặc.,羊-duong + 目-muc -> (着) mặc áo,Đeo đồ lên người hoặc tới nơi.,なし:không có,着る(きる):mặc|着く(つく):đến nơi|下着(したぎ):đồ lót|着物(きもの):kimono|到着(とうちゃく):đến nơi
187,渡,ĐỘ,ト,わた-る,12,氵-thủy|度-độ,Băng qua,Dùng nước (氵) để đo độ (度) qua sông.,氵-thuy + 度-do -> (渡) vượt qua,Di chuyển sang bờ bên kia.,なし:không có,渡る(わたる):băng qua|渡す(わたす):trao cho|渡り鳥(わたりどり):chim di cư|渡航(とこう):đi du lịch biển|渡辺(わたなべ):tên watanabe
188,通,THÔNG,ツウ,とお-る|かよ-う,10,辶-sước|甬-dũng,Đi qua,Đi (辶) qua con đường (甬) thông suốt.,辶-suoc + 甬-dung -> (通) thông qua,Di chuyển thường xuyên.,なし:không có,通る(とおる):đi qua|通う(かよう):đi học|交通(こうつう):giao thông|通り(どおり):con phố|普通(ふつう):bình thường
189,走,TẨU,ソウ,はし-る,7,土-thổ|疋-sơ,Chạy,Người chạy trên đất (土) bằng chân (疋).,土-tho + 疋-so -> (走) chạy bộ,Di chuyển nhanh bằng chân.,なし:không có,走る(はしる):chạy|走行(そうこう):xe chạy|走者(そうしゃ):người chạy|競走(きょうそう):chạy đua|独走(どくそう):chạy một mình
190,歩,BỘ,ホ,ある-く,8,止-chỉ|少-thiểu,Đi bộ,Dừng (止) một ít (少) để bước đi.,止-chi + 少-thieu -> (歩) đi bộ,Di chuyển thong thả bằng chân.,なし:không có,歩く(あるく):đi bộ|歩道(ほどう):vỉa hè|散歩(さんぽ):đi dạo|進歩(しんぽ):tiến bộ|一歩(いっぽ):một bước
191,止,CHỈ,シ,と-まる,4,止-chỉ,Dừng,Hình bàn chân dừng lại.,止-chi -> (止) đình chỉ,Không di chuyển nữa.,なし:không có,止まる(とまる):dừng lại|中止(ちゅうし):hủy bỏ|禁止(きんし):cấm|通行止め(つうこうどめ):cấm đi lại|停止(ていし):tạm dừng
192,動,ĐỘNG,ドウ,うご-く,11,重-trọng|力-lực,Cử động,Dùng lực (力) đẩy vật nặng (重).,重-trong + 力-luc -> (動) di chuyển,Thay đổi trạng thái tĩnh.,なし:không có,動く(うごく):chuyển động|動物(どうぶつ):động vật|自動車(じどうしゃ):xe ô tô|運動(うんどう):vận động|動作(どうさ):thao tác
193,動,ĐỘNG,ドウ,うご-く,11,重-trọng|力-lực,Cử động,Dùng lực (力) đẩy vật nặng (重).,重-trong + 力-luc -> (動) di chuyển,Thay đổi trạng thái tĩnh.,なし:không có,動く(うごく):chuyển động|動物(どうぶつ):động vật|自動車(じどうしゃ):xe ô tô|運動(うんどう):vận động|動作(どうさ):thao tác
194,右,HỮU,ウ|ユウ,みぎ,5,𠂇-tả|口-khẩu,Bên phải,Bàn tay (𠂇) đưa thức ăn vào miệng (口).,𠂇-ta + 口-khau -> (右) bên phải,Hướng ngược với bên trái.,なし:không có,右(みぎ):bên phải|右手(みぎて):tay phải|右折(うせつ):rẽ phải|左右(さゆう):trái phải|右側(みぎがわ):phía bên phải
195,左,TẢ,サ,ひだり,5,𠂇-tả|工-công,Bên trái,Bàn tay (𠂇) cầm công cụ (工).,𠂇-ta + 工-cong -> (左) bên trái,Hướng ngược với bên phải.,なし:không có,左(ひだり):bên trái|左手(ひだりて):tay trái|左折(させつ):rẽ trái|左右(さゆう):trái phải|左側(ひだりがわ):phía bên trái
196,東,ĐÔNG,トウ,ひがし,8,木-mộc|日-nhật,Phía đông,Mặt trời (日) mọc xuyên qua cây (木).,木-moc + 日-nhat -> (東) phương đông,Hướng mặt trời mọc.,なし:không có,東京(とうきょう):tokyo|東口(ひがしぐち):cửa đông|中東(ちゅうとう):trung đông|東洋(とうよう):phương đông|東北(とうほく):vùng tohoku
197,西,TÂY,セイ|サイ,にし,6,西-tây,Phía tây,Hình con chim đậu trên tổ khi chiều.,西-tay -> (西) phương tây,Hướng mặt trời lặn.,なし:không có,西洋(せいよう):phương tây|西口(にしぐち):cửa tây|関西(かんさい):vùng kansai|北西(ほくせい):tây bắc|南西(なんせい):tây nam
198,北,BẮC,ホク,きた,5,北-bắc,Phía bắc,Hai người ngồi quay lưng vào nhau.,北-bac -> (北) phương bắc,Hướng đối diện với phía nam.,なし:không có,北海道(ほっかいどう):hokkaido|北口(きたぐち):cửa bắc|南北(なんぼく):nam bắc|敗北(はいぼく):thất bại|北極(ほっきょく):bắc cực
199,南,NAM,ナン,みなみ,9,南-nam,Phía nam,Hình cái chuông treo ở phương nam.,南-nam -> (南) phương nam,Hướng đối diện với phía bắc.,なし:không có,南(みなみ):phía nam|南口(みなみぐち):cửa nam|東南アジア(とうなんあじあ):đông nam á|南極(なんきょく):nam cực|南米(なんべい):nam mỹ
200,外,NGOẠI,ガイ,そと,5,夕-tịch|ト-bốc,Ngoài,Bói toán (ト) vào buổi tối (夕) bên ngoài.,夕-tich + ト-boc -> (外) bên ngoài,Không gian bên ngoài.,なし:không có,外国(がいこく):nước ngoài|外出(がいしゅつ):ra ngoài|以外(いがい):ngoại trừ|外科(げか):ngoại khoa|外側(そとがわ):phía ngoài
201,内,NỘI,ナイ,うち,4,冂-quynh|入-nhập,Trong,Đi vào (入) vùng giới hạn (冂).,冂-quynh + 入-nhap -> (内) bên trong,Không gian bên trong.,なし:không có,家内(かない):vợ mình|国内(こくない):trong nước|以内(いない):trong vòng|内側(うちがわ):phía trong|内容(ないよう):nội dung
202,部,BỘ,ブ,なし,11,立-lập|口-khẩu|阝-phụ,Bộ phận,Mọi người đứng (立) nói (口) ở vùng (阝).,立-lap + 口-khau + 阝-phu -> (部) bộ phận,Một phần của tổng thể.,なし:không có,部屋(へや):căn phòng|学部(がくぶ):khoa đại học|部分(ぶぶん):bộ phận|部長(ぶちょう):trưởng phòng|全部(ぜんぶ):toàn bộ
203,駅,DỊCH,エキ,なし,14,馬-mã|尺-xích,Nhà ga,Nơi ngựa (馬) dừng chân đo khoảng cách (尺).,馬-ma + 尺-xich -> (駅) nhà ga,Nơi phương tiện dừng đón khách.,なし:không có,駅(えき):nhà ga|駅員(えきいん):nhân viên ga|東京駅(とうきょうえき):ga tokyo|駅前(えきまえ):trước ga|駅弁(えきべん):cơm hộp ở ga
204,社,XÃ,シャ,やしろ,7,礻-thị|土-thổ,Xã hội,Nơi thờ cúng (礻) trên đất (土) địa phương.,礻-thi + 土-tho -> (社) đền thờ,Tổ chức hoặc công ty.,なし:không có,会社(かいしゃ):công ty|神社(じんじゃ):đền thờ|社会(しゃかい):xã hội|社長(しゃちょう):giám đốc|支社(ししゃ):chi nhánh
205,院,VIỆN,イン,なし,10,阝-phụ|完-hoàn,Học viện,Tòa nhà hoàn thiện (完) bên sườn núi (阝).,阝-phu + 完-hoan -> (院) tòa nhà,Cơ quan y tế hoặc giáo dục.,なし:không có,病院(びょういん):bệnh viện|大学院(だいがくいん):cao học|入院(にゅういん):nhập viện|退院(たいいん):xuất viện|院長(いんちょう):viện trưởng
206,地,ĐỊA,チ|ジ,なし,6,土-thổ|也-dã,Đất đai,Đất (土) và những gò đất (也).,土-tho + 也-da -> (地) mặt đất,Địa hình hoặc nơi chốn.,なし:không có,地下鉄(ちかてつ):tàu điện ngầm|地図(ちず):bản đồ|地位(ちい):địa vị|地方(ちほう):địa phương|土地(とち):đất đai
207,鉄,THIẾT,テツ,なし,13,金-kim|失-thất,Sắt,Vàng (金) bị mất (失) thành sắt.,金-kim + 失-that -> (鉄) kim loại sắt,Vật liệu xây dựng bền bỉ.,なし:không có,地下鉄(ちかてつ):tàu điện ngầm|鉄道(てつどう):đường sắt|私鉄(してつ):đường sắt tư nhân|鉄分(てつぶん):chất sắt|鉄板(てっぱん):tấm sắt
208,工,CÔNG,コウ|ク,なし,3,工-công,Công việc,Hình cái thước của thợ mộc.,工-cong -> (工) nhân công,Sản xuất hoặc kỹ thuật.,なし:không có,工場(こうじょう):nhà máy|工業(こうぎょう):công nghiệp|工学(こうがく):kỹ thuật học|大工(だいく):thợ mộc|工事(こうじ):công trường
209,場,TRƯỜNG,ジョウ,ば,12,土-thổ|昜-dương,Địa điểm,Mặt đất (土) có ánh mặt trời (昜) chiếu.,土-tho + 昜-duong -> (場) nơi chốn,Vị trí xảy ra sự việc.,なし:không có,場所(ばしょ):địa điểm|工場(こうじょう):nhà máy|会場(かいじょう):hội trường|売り場(うりば):nơi bán hàng|場合(ばあい):trường hợp
210,図,ĐỒ,ズ|ト,はか-る,7,囗-vi|図-đồ,Bản đồ,Vùng đất (囗) được vẽ sơ đồ bên trong.,囗-vi -> (図) biểu đồ,Hình vẽ mô phỏng.,なし:không có,地図(ちず):bản đồ|図書館(としょかん):thư viện|図形(ずけい):hình học|図画(ずが):hội họa|意図(いと):ý đồ
211,館,QUÁN,カン,なし,16,食-thực|官-quan,Tòa nhà,Nơi quan viên (官) đến ăn (食).,食-thuc + 官-quan -> (館) hội quán,Công trình lớn phục vụ công cộng.,なし:không có,図書館(としょかん):thư viện|大使館(たいしかん):đại sứ quán|映画館(えいがかん):rạp phim|旅館(りょかん):nhà trọ|博物館(はくぶつかん):bảo tàng
212,公,CÔNG,コウ,おおやけ,4,八-bát|厶-khu,Công cộng,Phân chia (八) việc riêng (厶) cho mọi người.,八-bat + 厶-khu -> (公) chung,Không tư hữu.,なし:không có,公園(こうえん):công viên|公立(こうりつ):công lập|公務員(こうむいん):công chức|公平(こうへい):công bằng|公式(こうしき):công thức
213,園,VIÊN,エン,その,13,囗-vi|袁-viên,Vườn,Vùng đất (囗) trồng hoa viên.,囗-vi + 袁-vien -> (園) khu vườn,Nơi trồng cây hoặc vui chơi.,なし:không có,公園(こうえん):công viên|動物園(どうぶつえん):vườn bách thú|幼稚園(ようちえん):trường mầm non|学園(がくえん):học đường|庭園(ていえん):đình viên
214,住,TRÚ,ジュウ,す-む,7,亻-nhân|主-chủ,Cư trú,Người (亻) làm chủ (主) nơi ở.,亻-nhan + 主-chu -> (住) sinh sống,Định cư lâu dài.,なし:không có,住む(すむ):sống|住所(じゅうしょ):địa chỉ|住民(じゅうみん):dân cư|住宅(じゅうたく):nhà ở|移住(いじゅう):di cư
215,所,SỞ,ショ,ところ,8,戸-hộ|斤-cân,Nơi chốn,Dùng rìu (斤) làm cửa (戸) ở một nơi.,戸-ho + 斤-can -> (所) địa điểm,Vị trí cụ thể.,なし:không có,場所(ばしょ):địa điểm|住所(じゅうしょ):địa chỉ|近所(きんじょ):hàng xóm|事務所(じむしょ):văn phòng|台所(だいどころ):nhà bếp
216,番,PHIÊN,バン,なし,12,釆-biện|田-điền,Số thứ tự,Phân chia (釆) ruộng (田) theo phiên.,釆-bien + 田-dien -> (番) lượt,Lượt hoặc con số phân loại.,なし:không có,一番(いちばん):số một|番号(ばんごう):số thứ tự|交番(こうばん):đồn cảnh sát|番組(ばんぐみ):chương trình|当番(とうばん):trực nhật
217,号,HIỆU,ゴウ,なし,5,口-khẩu,Ký hiệu,Phát ra âm thanh từ miệng (口).,口-khau -> (号) tên hiệu,Con số hoặc danh hiệu.,なし:không có,番号(ばんごう):số|信号(しんごう):đèn giao thông|号外(ごうがい):báo đặc biệt|三号車(さんごうしゃ):toa số ba|暗号(あんごう):mật mã
218,市,THỊ,シ,いち,5,市-thị,Thành phố,Nơi mọi người tụ họp mua bán.,市-thi -> (市) chợ,Khu vực đông dân cư.,なし:không có,市民(しみん):thị dân|市場(いちば):chợ|市長(しちょう):thị trưởng|都市(とし):đô thị|市役所(しやくしょ):tòa thị chính
219,町,ĐINH,チョウ,まち,7,田-điền|丁-đinh,Khu phố,Ruộng (田) được chia theo lô (丁).,田-dien + 丁-dinh -> (町) thị trấn,Đơn vị hành chính nhỏ.,なし:không có,町長(ちょうちょう):thị trưởng thị trấn|下町(したまち):khu phố cổ|町中(まちじゅう):khắp thị trấn|隣町(となりまち):thị trấn bên cạnh|北町(きたまち):khu phố bắc
220,村,THÔN,ソン,むら,7,木-mộc|寸-thốn,Làng,Cái cây (木) đo đạc (寸) ranh giới làng.,木-moc + 寸-thon -> (村) làng mạc,Khu dân cư ở nông thôn.,なし:không có,村長(そんちょう):trưởng thôn|村人(むらびと):dân làng|漁村(ぎょそん):làng chài|農村(のうそん):nông thôn|山村(さんそん):làng núi
221,区,KHU,ク,なし,4,匚-phương|メ-mễ,Khu vực,Phân chia đồ vật (メ) vào hộp (匚).,匚-phuong + メ-me -> (区) phân khu,Vùng đất được chia nhỏ.,なし:không có,区役所(くやくしょ):tòa hành chính quận|区別(くべつ):phân biệt|区分(くぶん):phân đoạn|区間(くかん):khoảng cách|地区(ちく):địa khu
222,都,ĐÔ,ト|ツ,みやこ,11,者-giả|阝-phụ,Kinh đô,Nơi nhiều người (者) ở sườn núi (阝).,者-gia + 阝-phu -> (都) đô thị,Trung tâm chính trị văn hóa.,なし:không có,東京都(とうきょうと):thủ đô tokyo|都会(とかい):thành phố|都合(つごう):điều kiện|京都(きょうと):kyoto|都市(とし):đô thị
223,府,PHỦ,フ,なし,8,广-nghiễm|付-phó,Phủ (hành chính),Nơi lưu trữ (付) dưới mái hiên (广).,广-nghiem + 付-pho -> (府) phủ,Cơ quan chính phủ cấp tỉnh.,なし:không có,大阪府(おおさかふ):tỉnh osaka|京都府(きょうとふ):tỉnh kyoto|政府(せいふ):chính phủ|府知事(ふちじ):thống đốc phủ|都道府県(とどうふけん):các tỉnh thành
224,県,HUYỆN,ケン,なし,9,県-huyện,Tỉnh,Hình quả tim treo ngược để răn đe.,県-huyen -> (県) đơn vị tỉnh,Phân chia hành chính lớn.,なし:không có,県庁(けんちょう):tòa tỉnh trưởng|県立(けんりつ):tỉnh lập|青森県(あおもりけん):tỉnh aomori|県道(けんどう):đường tỉnh|県境(けんざい):biên giới tỉnh
225,島,ĐẢO,トウ,しま,10,山-sơn|鳥-điểu,Hòn đảo,Nơi con chim (鳥) đậu trên núi (山).,鳥-dieu + 山-son -> (島) đảo,Vùng đất giữa biển.,なし:không có,島国(しまぐに):đảo quốc|広島(ひろしま):hiroshima|半径(はんとう):bán đảo|無人島(むじんとう):đảo không người|島民(とうみん):dân đảo
226,京,KINH,キョウ|ケイ,なし,8,亠-đầu|口-khẩu|小-tiểu,Kinh đô,Tòa nhà cao (亠) có cửa (口) nhỏ (小).,亠-dau + 口-khau + 小-tieu -> (京) kinh thành,Nơi vua ở.,なし:không có,東京(とうきょう):tokyo|京都(きょうと):kyoto|京浜(けいひん):vùng tokyo-yokohama|京成(けいせい):tên tàu keisei|上京(じょうきょう):lên kinh đô
227,様,DẠNG,ヨウ,さま,14,木-mộc|羊-dương,Ngài|hình dạng,Hình mẫu (羊) làm từ gỗ (木).,木-moc + 羊-duong -> (様) diện mạo,Cách xưng hô tôn kính.,なし:không có,お客様(おきゃくさま):khách hàng|様子(ようす):tình hình|皆様(みなさま):mọi người|様式(ようしき):hình thức|多様(たよう):đa dạng
228,練,LUYỆN,レン,ね-る,14,糸-mịch|東-đông,Luyện tập,Lấy sợi chỉ (糸) phơi ở hướng đông (東).,糸-mich + 東-dong -> (練) rèn luyện,Mài giũa kỹ năng.,なし:không có,練習(れんしゅう):luyện tập|試練(しれん):thử thách|訓練(くんれん):huấn luyện|練る(ねる):trau chuốt|洗練(せんれん):tinh tế
229,習,TẬP,シュウ,なら-う,11,羽-vũ|白-bạch,Học tập,Chim tập bay bằng cánh (羽) cả ngày (白).,羽-vu + 白-bach -> (習) thực hành,Học đi học lại.,なし:không có,習う(ならう):học|練習(れんしゅう):luyện tập|自習(じしゅう):tự học|慣習(かんしゅう):tập quán|学習(がくしゅう):học tập
230,勉,MIỄN,ベン,なし,10,免-miễn|力-lực,Cố gắng,Dùng lực (力) để miễn (免) cưỡng làm.,免-mien + 力-luc -> (勉) chăm chỉ,Nỗ lực hết mình.,なし:không có,勉強(べんきょう):học tập|勤勉(きんべん):cần cù|勉学(べんがく):việc học|強勉(きょうべん):ép học|勉励(べんれい):khích lệ
231,強,CƯỜNG,キョウ|ゴウ,つよ-い,11,弓-cung|口-khẩu|虫-trùng,Mạnh,Cái cung (弓) mạnh như sâu (虫).,弓-cung + 虫-trung -> (強) mạnh mẽ,Sức mạnh thể chất hoặc ý chí.,強い(つよい):mạnh,勉強(べんきょう):học tập|強力(きょうりょく):mạnh mẽ|強調(きょうちょう):nhấn mạnh|強気(つよき):vững tin|強盗(ごうとう):cướp
232,研,NGHIÊN,ケン,と-ぐ,9,石-thạch|开-nghiên,Nghiên cứu,Dùng đá (石) mài (开) cho sạch.,石-thach + 开-nghien -> (研) mài giũa,Tìm hiểu sâu sắc.,なし:không có,研究(けんきゅう):nghiên cứu|研修(けんしゅう):tu nghiệp|研ぐ(とぐ):mài|研究所(けんきゅうじょ):viện nghiên cứu|研鑽(けんさん):trau dồi
233,究,CỨU,キュウ,きわ-める,7,穴-huyệt|九-cửu,Nghiên cứu,Tìm hiểu cái hang (穴) chín (九) lần.,穴-huyet + 九-cuu -> (究) đào sâu,Tìm hiểu tận cùng.,なし:không có,研究(けんきゅう):nghiên cứu|究明(きゅうめい):làm sáng tỏ|学究(がっきゅう):học cứu|追究(ついきゅう):truy cứu|究極(きゅうきょく):cuối cùng
234,留,LƯU,リュウ,と-まる,10,卯-mão|田-điền,Ở lại,Dừng lại trên ruộng (田) để canh giữ.,卯-mao + 田-dien -> (留) giữ lại,Không rời đi.,なし:không có,留学生(りゅうがくせい):du học sinh|留守(るす):vắng nhà|保留(ほりゅう):bảo lưu|留学(りゅうがく):du học|停留所(ていりゅうじょ):trạm dừng
235,質,CHẤT,シツ,なし,15,斤-cân|貝-bối,Chất lượng,Dùng rìu (斤) để định giá tiền (貝).,斤-can + 貝-boi -> (質) bản chất,Đặc điểm hoặc câu hỏi.,なし:không có,質問(しつもん):câu hỏi|品質(ひんしつ):chất lượng|性質(せいしつ):tính chất|物質(ぶっしつ):vật chất|質屋(しちや):tiệm cầm đồ
236,問,VẤN,モン,と-う,11,門-môn|口-khẩu,Hỏi,Đứng ở cổng (門) để hỏi (口).,門-mon + 口-khau -> (問) thắc mắc,Đặt câu hỏi.,なし:không có,質問(しつもん):câu hỏi|問題(もんだい):vấn đề|訪問(ほうもん):thăm hỏi|問い合わせ(といあわせ):hỏi thông tin|疑問(ぎもん):nghi vấn
237,題,ĐỀ,ダイ,なし,18,是-thị|頁-hiệt,Chủ đề,Vấn đề (是) được viết trên trang đầu (頁).,是-thi + 頁-hiet -> (題) đề mục,Nội dung cần thảo luận.,なし:không có,問題(もんだい):vấn đề|宿題(しゅくだい):bài tập|題名(だいめい):tiêu đề|話題(わだい):chủ đề|課題(かだい):nhiệm vụ
238,答,ĐÁP,トウ,こた-える,12,竹-trúc|合-hợp,Trả lời,Lời nói khớp (合) như ống tre (竹).,竹-truc + 合-hop -> (答) hồi đáp,Phản hồi lại câu hỏi.,なし:không có,答える(こたえる):trả lời|回答(かいとう):đáp án|答案(とうあん):bài làm|口答え(くちごたえ):cãi lại|問答(もんどう):vấn đáp
239,宿,TÚC,シュク,やど,11,宀-miên|亻-nhân|百-bách,Chỗ ở,Trăm (百) người (亻) trọ dưới mái nhà (宀).,宀-mien + 亻-nhan + 百-bach -> (宿) trọ lại,Nơi ngủ qua đêm.,なし:không có,宿題(しゅくだい):bài tập|宿泊(しゅくはく):trú ngụ|下宿(げしゅく):nhà trọ|新宿(しんじゅく):shinjuku|宿舎(しゅくしゃ):ký túc xá
240,政,CHÍNH,セイ,まつりごと,9,正-chính|攵-phộc,Chính trị,Sửa cho đúng (正) bằng roi (攵).,正-chinh + 攵-phoc -> (政) cai trị,Quản lý đất nước.,なし:không có,政治(せいじ):chính trị|政府(せいふ):chính phủ|政党(せいとう):đảng phái|行政(ぎょうせい):hành chính|政策(せいさく):chính sách
241,治,TRỊ,ジ|チ,なお-る,8,氵-thủy|台-đài,Chữa trị,Dùng nước (氵) trên đài (台) để gột rửa.,氵-thuy + 台-dai -> (治) trị bệnh,Quản lý hoặc hồi phục.,なし:không có,政治(せいじ):chính trị|治る(なおる):khỏi bệnh|治金(じきん):luyện kim|自治(じち):tự trị|治療(ちりょう):điều trị
242,制,CHẾ,セイ,なし,8,牛-ngưu|刀-đao,Chế độ,Dùng dao (刀) để kiểm soát con bò (牛).,牛-nguu + 刀-dao -> (制) quy định,Luật lệ hoặc sản xuất.,なし:không có,制度(せいど):chế độ|制作(せいさく):chế tác|制服(せいふく):đồng phục|制限(せいげん):hạn chế|制御(せいぎょ):kiểm soát
243,済,TẾ,サイ,す-む,11,氵-thủy|斉-tề,Kết thúc,Dòng nước (氵) làm sạch mọi thứ (斉).,氵-thuy + 斉-te -> (済) hoàn thành,Giải quyết xong xuôi.,なし:không có,経済(けいざい):kinh tế|済む(すむ):kết thúc|返済(へんさい):trả nợ|決済(けっさい):thanh toán|共済(きょうさい):tương trợ
244,業,NGHIỆP,ギョウ,わざ,13,業-nghiệp,Nghề nghiệp,Hình cái giá treo nhạc khí thời cổ.,業-nghiep -> (業) công việc,Lĩnh vực hoạt động chuyên môn.,なし:không có,工業(こうぎょう):công nghiệp|授業(じゅぎょう):giờ học|卒業(そつぎょう):tốt nghiệp|残業(ざんぎょう):làm thêm|作業(さぎょう):thao tác
245,歴,LỊCH,レキ,なし,14,厂-hán|林-lâm|止-chỉ,Lịch sử,Đi qua (止) khu rừng (林) dưới vách đá (厂).,厂-han + 林-lam + 止-chi -> (歴) trải qua,Những gì đã qua.,なし:không có,歴史(れきし):lịch sử|履歴書(りれきしょ):sơ yếu lý lịch|経歴(けいれき):kinh nghiệm|学歴(がくれき):học vấn|職歴(しょくれき):kinh nghiệm làm việc
246,育,DỤC,イク,そだ-つ,8,育-dục,Nuôi dưỡng,Đứa trẻ sinh ra được chăm sóc.,育-duc -> (育) giáo dục,Lớn lên hoặc nuôi nấng.,なし:không có,教育(きょういく):giáo dục|育つ(そだつ):lớn lên|体育(たいいく):thể dục|保育園(ほいくえん):nhà trẻ|育児(いくじ):chăm con
247,変,BIẾN,ヘン,か-わる,9,亠-đầu|亦-diệc|攵-phộc,Thay đổi,Dùng tay (攵) tác động để thay đổi.,亠-dau + 亦-diec + 攵-phoc -> (変) biến đổi,Lạ lùng hoặc khác thường.,変な(へんな):lạ,変わる(かわる):thay đổi|大変(たいへん):vất vả|変化(へんか):biến hóa|変更(へんこう):thay đổi|変則(へんそく):bất quy tắc
248,理,LÝ,リ,なし,11,王-vương|里-lý,Lý do,Vị vua (王) cai quản dặm đất (里).,王-vuong + 里-ly -> (理) lẽ phải,Nguyên lý hoặc sự hiểu biết.,なし:không có,理由(りゆう):lý do|料理(りょうり):nấu ăn|理解(りかい):hiểu|修理(しゅうり):sửa chữa|心理(しんり):tâm lý
249,科,KHOA,カ,なし,9,禾-hoa|斗-đấu,Khoa học,Dùng đấu (斗) đong lúa (禾) theo loại.,禾-hoa + 斗-dau -> (科) phân khoa,Lĩnh vực nghiên cứu chuyên biệt.,なし:không có,科学(かがく):khoa học|教科書(きょうかしょ):sách giáo khoa|内科(ないか):nội khoa|学科(がっか):chuyên ngành|科目(かもく):môn học
250,数,SỐ,スウ,かず|かぞ-える,13,米-mễ|女-nữ|攵-phộc,Con số,Người nữ (女) dùng tay (攵) đếm gạo (米).,米-me + 女-nu + 攵-phoc -> (数) số lượng,Các con số tính toán.,なし:không có,数学(すうがく):toán học|数える(かぞえる):đếm|数字(すうじ):chữ số|人数(にんずう):số người|複数(ふくすう):số nhiều
251,医,Y,イ,なし,7,匚-phương|矢-thỉ,Y học,Dùng mũi tên (矢) bỏ vào hộp (匚) để chữa bệnh.,匚-phuong + 矢-thi -> (医) thầy thuốc,Liên quan đến chữa bệnh.,なし:không có,医者(いしゃ):bác sĩ|医学(いがく):y học|医院(いいん):phòng khám|医療(いりょう):y tế|外科医(げかい):bác sĩ ngoại khoa